# country,code,name,currency
AD,,Andorra,EUR
AE,,United Arab Emirates,AED
AF,,Afghanistan,AFN
AG,,Antigua and Barbuda,XCD
AI,,Anguilla,XCD
AL,,Albania,ALL
AM,,Armenia,AMD
AO,,Angola,AOA
AR,,Argentina,ARS
AS,,American Samoa,USD
AT,,Austria,EUR
AU,,Australia,AUD
AW,,Aruba,AWG
AX,,Aland Islands,EUR
AZ,,Azerbaijan,AZN
BA,,Bosnia and Herzegovina,BAM
BB,,Barbados,BBD
BD,,Bangladesh,BDT
BE,,Belgium,EUR
BF,,Burkina Faso,XOF
BG,,Bulgaria,BGN
BH,,Bahrain,BHD
BI,,Burundi,BIF
BJ,,Benin,XOF
BL,,Saint Barthelemy,EUR
BM,,Bermuda,BMD
BN,,Brunei,BND
BO,,Bolivia,BOB
BQ,,"Bonaire, Saint Eustatius and Saba ",USD
BR,,Brazil,BRL
BS,,Bahamas,BSD
BT,,Bhutan,BTN
BW,,Botswana,BWP
BY,,Belarus,BYN
BZ,,Belize,BZD
CA,,Canada,CAD
CC,,Cocos Islands,AUD
CD,,Democratic Republic of the Congo,CDF
CF,,Central African Republic,XAF
CG,,Republic of the Congo,XAF
CH,,Switzerland,CHF
CI,,Ivory Coast,XOF
CK,,Cook Islands,NZD
CL,,Chile,CLP
CM,,Cameroon,XAF
CN,,China,CNY
CO,,Colombia,COP
CR,,Costa Rica,CRC
CU,,Cuba,CUP
CV,,Cabo Verde,CVE
CW,,Curacao,XCG
CX,,Christmas Island,AUD
CY,,Cyprus,EUR
CZ,,Czechia,CZK
DE,,Germany,EUR
DJ,,Djibouti,DJF
DK,,Denmark,DKK
DM,,Dominica,XCD
DO,,Dominican Republic,DOP
DZ,,Algeria,DZD
EC,,Ecuador,USD
EE,,Estonia,EUR
EG,,Egypt,EGP
EH,,Western Sahara,MAD
ER,,Eritrea,ERN
ES,,Spain,EUR
ET,,Ethiopia,ETB
FI,,Finland,EUR
FJ,,Fiji,FJD
FK,,Falkland Islands,FKP
FM,,Micronesia,USD
FO,,Faroe Islands,DKK
FR,,France,EUR
GA,,Gabon,XAF
GB,,United Kingdom,GBP
GD,,Grenada,XCD
GE,,Georgia,GEL
GF,,French Guiana,EUR
GG,,Guernsey,GBP
GH,,Ghana,GHS
GI,,Gibraltar,GIP
GL,,Greenland,DKK
GM,,Gambia,GMD
GN,,Guinea,GNF
GP,,Guadeloupe,EUR
GQ,,Equatorial Guinea,XAF
GR,,Greece,EUR
GS,,South Georgia and the South Sandwich Islands,GBP
GT,,Guatemala,GTQ
GU,,Guam,USD
GW,,Guinea-Bissau,XOF
GY,,Guyana,GYD
HK,,Hong Kong,HKD
HN,,Honduras,HNL
HR,,Croatia,EUR
HT,,Haiti,HTG
HU,,Hungary,HUF
ID,,Indonesia,IDR
IE,,Ireland,EUR
IL,,Israel,ILS
IM,,Isle of Man,GBP
IN,,India,INR
IQ,,Iraq,IQD
IR,,Iran,IRR
IS,,Iceland,ISK
IT,,Italy,EUR
JE,,Jersey,GBP
JM,,Jamaica,JMD
JO,,Jordan,JOD
JP,,Japan,JPY
KE,,Kenya,KES
KG,,Kyrgyzstan,KGS
KH,,Cambodia,KHR
KI,,Kiribati,AUD
KM,,Comoros,KMF
KN,,Saint Kitts and Nevis,XCD
KP,,North Korea,KPW
KR,,South Korea,KRW
KW,,Kuwait,KWD
KY,,Cayman Islands,KYD
KZ,,Kazakhstan,KZT
LA,,Laos,LAK
LB,,Lebanon,LBP
LC,,Saint Lucia,XCD
LI,,Liechtenstein,CHF
LK,,Sri Lanka,LKR
LR,,Liberia,LRD
LS,,Lesotho,LSL
LT,,Lithuania,EUR
LU,,Luxembourg,EUR
LV,,Latvia,EUR
LY,,Libya,LYD
MA,,Morocco,MAD
MC,,Monaco,EUR
MD,,Moldova,MDL
ME,,Montenegro,EUR
MF,,Saint Martin,EUR
MG,,Madagascar,MGA
MH,,Marshall Islands,USD
MK,,North Macedonia,MKD
ML,,Mali,XOF
MM,,Myanmar,MMK
MN,,Mongolia,MNT
MO,,Macao,MOP
MP,,Northern Mariana Islands,USD
MQ,,Martinique,EUR
MR,,Mauritania,MRU
MS,,Montserrat,XCD
MT,,Malta,EUR
MU,,Mauritius,MUR
MV,,Maldives,MVR
MW,,Malawi,MWK
MX,,Mexico,MXN
MY,,Malaysia,MYR
MZ,,Mozambique,MZN
NA,,Namibia,NAD
NC,,New Caledonia,XPF
NE,,Niger,XOF
NF,,Norfolk Island,AUD
NG,,Nigeria,NGN
NI,,Nicaragua,NIO
NL,,The Netherlands,EUR
NO,,Norway,NOK
NP,,Nepal,NPR
NR,,Nauru,AUD
NU,,Niue,NZD
NZ,,New Zealand,NZD
OM,,Oman,OMR
PA,,Panama,PAB
PE,,Peru,PEN
PF,,French Polynesia,XPF
PG,,Papua New Guinea,PGK
PH,,Philippines,PHP
PK,,Pakistan,PKR
PL,,Poland,PLN
PM,,Saint Pierre and Miquelon,EUR
PN,,Pitcairn,NZD
PR,,Puerto Rico,USD
PS,,Palestinian Territory,ILS
PT,,Portugal,EUR
PW,,Palau,USD
PY,,Paraguay,PYG
QA,,Qatar,QAR
RE,,Reunion,EUR
RO,,Romania,RON
RS,,Serbia,RSD
RU,,Russia,RUB
RW,,Rwanda,RWF
SA,,Saudi Arabia,SAR
SB,,Solomon Islands,SBD
SC,,Seychelles,SCR
SD,,Sudan,SDG
SE,,Sweden,SEK
SG,,Singapore,SGD
SH,,Saint Helena,SHP
SI,,Slovenia,EUR
SJ,,Svalbard and Jan Mayen,NOK
SK,,Slovakia,EUR
SL,,Sierra Leone,SLE
SM,,San Marino,EUR
SN,,Senegal,XOF
SO,,Somalia,SOS
SR,,Suriname,SRD
SS,,South Sudan,SSP
ST,,Sao Tome and Principe,STN
SV,,El Salvador,USD
SX,,Sint Maarten,XCG
SY,,Syria,SYP
SZ,,Eswatini,SZL
TC,,Turks and Caicos Islands,USD
TD,,Chad,XAF
TF,,French Southern Territories,EUR
TG,,Togo,XOF
TH,,Thailand,THB
TJ,,Tajikistan,TJS
TK,,Tokelau,NZD
TL,,Timor Leste,USD
TM,,Turkmenistan,TMT
TN,,Tunisia,TND
TO,,Tonga,TOP
TR,,Turkey,TRY
TT,,Trinidad and Tobago,TTD
TV,,Tuvalu,AUD
TW,,Taiwan,TWD
TZ,,Tanzania,TZS
UA,,Ukraine,UAH
UG,,Uganda,UGX
US,,United States,USD
UY,,Uruguay,UYU
UZ,,Uzbekistan,UZS
VA,,Vatican,EUR
VC,,Saint Vincent and the Grenadines,XCD
VE,,Venezuela,VES
VG,,British Virgin Islands,USD
VI,,U.S. Virgin Islands,USD
VN,,Vietnam,VND
VU,,Vanuatu,VUV
WF,,Wallis and Futuna,XPF
WS,,Samoa,WST
XK,,Kosovo,EUR
YE,,Yemen,YER
YT,,Mayotte,EUR
ZA,,South Africa,ZAR
ZM,,Zambia,ZMW
ZW,,Zimbabwe,ZWG
AD,07,Andorra la Vella
AD,02,Canillo
AD,03,Encamp
AD,08,Escaldes-Engordany
AD,04,La Massana
AD,05,Ordino
AD,06,Sant Julia de Loria
AE,01,Abu Dhabi
AE,02,Ajman
AE,03,Dubai
AE,04,Fujairah
AE,05,Ras Al Khaimah
AE,06,Sharjah
AE,07,Umm Al Quwain
AF,01,Badakhshan
AF,02,Badghis
AF,03,Baghlan
AF,30,Balkh
AF,05,Bamyan
AF,41,Daykundi
AF,06,Farah
AF,07,Faryab
AF,08,Ghazni
AF,09,Ghowr
AF,10,Helmand
AF,11,Herat
AF,31,Jowzjan
AF,13,Kabul
AF,23,Kandahar
AF,14,Kapisa
AF,37,Khowst
AF,34,Kunar
AF,24,Kunduz
AF,35,Laghman
AF,17,Logar
AF,27,Maidan Wardak Province
AF,18,Nangarhar
AF,19,Nimroz
AF,38,Nuristan
AF,39,Oruzgan
AF,36,Paktia
AF,29,Paktika
AF,42,Panjshir
AF,40,Parwan
AF,32,Samangan
AF,33,Sar-e Pol Province
AF,26,Takhar
AF,28,Zabul
AG,01,Barbuda
AG,03,Saint George Parish
AG,04,Saint John Parish
AG,05,Saint Mary Parish
AG,06,Saint Paul Parish
AG,07,Saint Peter Parish
AG,08,Saint Philip Parish
AI,11205389,Blowing Point
AI,11205433,East End
AI,11205442,George Hill
AI,11205441,Island Harbour
AI,11205436,North Hill
AI,11205440,North Side
AI,11205392,Sandy Ground
AI,11205393,Sandy Hill
AI,11205438,South Hill
AI,11205443,Stoney Ground
AI,11205444,The Farrington
AI,11205439,The Quarter
AI,11205396,The Valley
AI,11205437,West End
AL,40,Berat County
AL,41,Diber County
AL,42,Durres County
AL,43,Elbasan County
AL,44,Fier County
AL,45,Gjirokaster County
AL,46,Korce County
AL,47,Kukes County
AL,48,Lezhe County
AL,49,Shkoder County
AL,50,Tirana
AL,51,Vlore County
AM,01,Aragatsotn
AM,02,Ararat
AM,03,Armavir
AM,04,Gegharkunik
AM,05,Kotayk
AM,06,Lori
AM,07,Shirak
AM,08,Syunik
AM,09,Tavush
AM,10,Vayots Dzor
AM,11,Yerevan
AO,19,Bengo
AO,01,Benguela
AO,02,Bie
AO,03,Cabinda
AO,CUB,Cuando Province
AO,05,Cuanza Norte
AO,CBG,Cubango
AO,07,Cunene
AO,08,Huambo
AO,09,Huila
AO,ICB,Icolo e Bengo Province
AO,06,Kwanza Sul
AO,20,Luanda
AO,17,Luanda Norte
AO,18,Lunda Sul
AO,12,Malanje
AO,14,Moxico
AO,13,Namibe
AO,15,Uige
AO,16,Zaire
AR,01,Buenos Aires
AR,07,Buenos Aires F.D.
AR,02,Catamarca
AR,03,Chaco
AR,04,Chubut
AR,05,Cordoba
AR,06,Corrientes
AR,08,Entre Rios
AR,09,Formosa
AR,10,Jujuy
AR,11,La Pampa
AR,12,La Rioja
AR,13,Mendoza
AR,14,Misiones
AR,15,Neuquen
AR,16,Rio Negro
AR,17,Salta
AR,18,San Juan
AR,19,San Luis
AR,20,Santa Cruz
AR,21,Santa Fe
AR,22,Santiago del Estero
AR,23,Tierra del Fuego
AR,24,Tucuman
AS,010,Eastern District
AS,020,Manu'a
AS,040,Swains Island
AS,050,Western District
AT,01,Burgenland
AT,02,Carinthia
AT,03,Lower Austria
AT,05,Salzburg
AT,06,Styria
AT,07,Tyrol
AT,04,Upper Austria
AT,09,Vienna
AT,08,Vorarlberg
AU,ACT,Australian Capital Territory
AU,NSW,New South Wales
AU,NT,Northern Territory
AU,QLD,Queensland
AU,SA,South Australia
AU,TAS,Tasmania
AU,VIC,Victoria
AU,WA,Western Australia
AX,212,Alands landsbygd
AX,211,Mariehamn
AZ,01,Abseron
AZ,03,Agdam
AZ,04,Agdas
AZ,02,Aghjabadi Rayon
AZ,05,Agstafa
AZ,06,Agsu District
AZ,08,Astara
AZ,09,Baki
AZ,10,Balakan District
AZ,11,Barda
AZ,12,Beylaqan
AZ,13,Bilasuvar District
AZ,16,Dashkasan Rayon
AZ,18,Fuzuli District
AZ,19,Gadabay District
AZ,20,Ganja City
AZ,22,Goeycay
AZ,21,Goranboy District
AZ,62,Goygol Rayon
AZ,23,Haciqabul
AZ,24,Imisli
AZ,25,Ismayilli District
AZ,14,Jabrayil
AZ,15,Jalilabad
AZ,26,Kalbajar
AZ,64,Khojaly
AZ,65,Khojavend
AZ,27,Kurdamir District
AZ,28,Lachin Rayon
AZ,29,Lankaran
AZ,31,Lerik District
AZ,32,Masally
AZ,33,Mingacevir City
AZ,34,Naftalan
AZ,35,Nakhchivan
AZ,36,Neftcala
AZ,37,Oguz
AZ,38,Qabala District
AZ,39,Qax
AZ,40,Qazax
AZ,41,Qobustan
AZ,42,Quba
AZ,43,Qubadli
AZ,44,Qusar District
AZ,45,Saatli
AZ,46,Sabirabad District
AZ,49,Salyan District
AZ,50,Samaxi
AZ,52,Samux
AZ,17,Shabran
AZ,48,Shaki City
AZ,51,Shamkir Rayon
AZ,07,Shirvan
AZ,55,Shusha
AZ,53,Siazan Rayon
AZ,54,Sumqayit
AZ,57,Tartar District
AZ,58,Tovuz District
AZ,59,Ucar
AZ,60,Xacmaz
AZ,63,Xizi
AZ,66,Yardimli District
AZ,67,Yevlax
AZ,68,Yevlax City
AZ,69,Zangilan District
AZ,70,Zaqatala District
AZ,71,Zardab
BA,BRC,Brcko
BA,01,Federation of B&H
BA,02,Srpska
BB,01,Christ Church
BB,02,Saint Andrew
BB,04,Saint James
BB,05,Saint John
BB,06,Saint Joseph
BB,07,Saint Lucy
BB,08,Saint Michael
BB,09,Saint Peter
BB,10,Saint Philip
BB,11,Saint Thomas
BD,85,Barisal Division
BD,84,Chittagong
BD,81,Dhaka Division
BD,82,Khulna Division
BD,H,Mymensingh Division
BD,83,Rajshahi Division
BD,87,Rangpur Division
BD,86,Sylhet Division
BE,BRU,Brussels Capital
BE,VLG,Flanders
BE,WAL,Wallonia
BF,01,Boucle du Mouhoun
BF,02,Cascades Region
BF,03,Centre
BF,04,Centre-Est
BF,05,Centre-Nord
BF,06,Centre-Ouest
BF,07,Centre-Sud
BF,08,Est
BF,09,Hauts-Bassins
BF,10,Nord
BF,11,Plateau-Central
BF,12,Sahel
BF,13,Sud-Ouest
BG,38,Blagoevgrad
BG,39,Burgas
BG,40,Dobrich
BG,41,Gabrovo
BG,43,Haskovo
BG,44,Kardzhali
BG,45,Kyustendil
BG,46,Lovech
BG,47,Montana
BG,48,Pazardzhik
BG,49,Pernik
BG,50,Pleven
BG,51,Plovdiv
BG,52,Razgrad
BG,53,Ruse
BG,54,Shumen
BG,55,Silistra
BG,56,Sliven
BG,57,Smolyan
BG,58,Sofia
BG,42,Sofia-Capital
BG,59,Stara Zagora
BG,60,Targovishte
BG,61,Varna
BG,62,Veliko Tarnovo
BG,63,Vidin
BG,64,Vratsa
BG,65,Yambol
BH,16,Manama
BH,15,Muharraq
BH,19,Northern
BH,17,Southern Governorate
BI,09,Bubanza
BI,24,Bujumbura Mairie
BI,25,Bujumbura Rural
BI,10,Bururi
BI,11,Cankuzo
BI,12,Cibitoke
BI,13,Gitega
BI,15,Kayanza
BI,16,Kirundo
BI,17,Makamba
BI,18,Muyinga
BI,19,Ngozi
BI,26,Rumonge
BI,20,Rutana
BI,21,Ruyigi
BJ,07,Alibori
BJ,08,Atakora
BJ,09,Atlantique
BJ,10,Borgou
BJ,11,Collines
BJ,13,Donga
BJ,12,Kouffo
BJ,14,Littoral
BJ,15,Mono
BJ,16,Oueme
BJ,17,Plateau
BJ,18,Zou
BM,01,Devonshire
BM,02,Hamilton
BM,03,Hamilton city
BM,04,Paget
BM,05,Pembroke
BM,07,Saint George's Parish
BM,08,Sandys
BM,09,Smith's Parish
BM,10,Southampton
BM,11,Warwick
BN,01,Belait
BN,02,Brunei-Muara District
BN,03,Temburong
BN,04,Tutong
BO,03,Beni Department
BO,01,Chuquisaca Department
BO,02,Cochabamba
BO,04,La Paz Department
BO,05,Oruro
BO,06,Pando
BO,07,Potosi Department
BO,08,Santa Cruz Department
BO,09,Tarija Department
BQ,BO,Bonaire
BQ,SB,Saba
BQ,SE,Sint Eustatius
BR,01,Acre
BR,02,Alagoas
BR,03,Amapa
BR,04,Amazonas
BR,05,Bahia
BR,06,Ceara
BR,08,Espirito Santo
BR,07,Federal District
BR,29,Goias
BR,13,Maranhao
BR,14,Mato Grosso
BR,11,Mato Grosso do Sul
BR,15,Minas Gerais
BR,16,Para
BR,17,Paraiba
BR,18,Parana
BR,30,Pernambuco
BR,20,Piaui
BR,22,Rio Grande do Norte
BR,23,Rio Grande do Sul
BR,21,Rio de Janeiro
BR,24,Rondonia
BR,25,Roraima
BR,26,Santa Catarina
BR,27,Sao Paulo
BR,28,Sergipe
BR,31,Tocantins
BS,24,Acklins
BS,05,Bimini
BS,36,Black Point
BS,06,Cat Island
BS,37,Central Abaco
BS,39,Central Eleuthera
BS,40,Crooked Island and Long Cay
BS,41,East Grand Bahama
BS,10,Exuma
BS,25,Freeport
BS,13,Inagua
BS,15,Long Island
BS,16,Mayaguana
BS,45,Moore's Island
BS,23,New Providence
BS,46,North Abaco
BS,47,North Andros
BS,18,Ragged Island
BS,49,Rum Cay
BS,35,San Salvador
BS,53,Spanish Wells
BS,54,West Grand Bahama
BT,05,Bumthang District
BT,06,Chukha
BT,08,Dagana
BT,23,Gasa
BT,10,Haa
BT,11,Lhuntse
BT,12,Mongar
BT,13,Paro
BT,14,Pemagatshel
BT,15,Punakha
BT,17,Samdrup Jongkhar
BT,16,Samtse District
BT,09,Sarpang District
BT,20,Thimphu District
BT,21,Tongsa
BT,24,Trashi Yangste
BT,19,Trashigang District
BT,07,Tsirang District
BT,22,Wangdi Phodrang
BT,18,Zhemgang District
BW,01,Central
BW,12,Chobe
BW,13,City of Francistown
BW,14,Gaborone
BW,03,Ghanzi
BW,15,Jwaneng
BW,04,Kgalagadi
BW,05,Kgatleng
BW,06,Kweneng
BW,16,Lobatse
BW,10,Ngwaketsi
BW,08,North-East
BW,11,North-West
BW,17,Selibe Phikwe
BW,09,South-East
BY,01,Brest
BY,03,Grodnenskaya
BY,02,Homyel' Voblasc'
BY,05,Minsk
BY,04,Minsk City
BY,06,Mogilev
BY,07,Vitebsk
BZ,01,Belize District
BZ,02,Cayo District
BZ,03,Corozal District
BZ,04,Orange Walk District
BZ,05,Southern District
BZ,06,Toledo District
CA,AB,Alberta
CA,BC,British Columbia
CA,MB,Manitoba
CA,NB,New Brunswick
CA,NL,Newfoundland and Labrador
CA,NT,Northwest Territories
CA,NS,Nova Scotia
CA,NU,Nunavut
CA,ON,Ontario
CA,PE,Prince Edward Island
CA,QC,Quebec
CA,SK,Saskatchewan
CA,YT,Yukon
CD,08,Bas-Congo
CD,13,Bas-Uele
CD,04,East Kasai
CD,02,Equateur
CD,14,Haut-Katanga
CD,15,Haut-Lomami
CD,16,Haut-Uele
CD,17,Ituri
CD,18,Kasai
CD,23,Kasai-Central
CD,06,Kinshasa
CD,19,Kwango
CD,20,Kwilu
CD,21,Lomami
CD,22,Lualaba
CD,24,Mai-Ndombe
CD,10,Maniema
CD,25,Mongala
CD,26,Nord-Ubangi
CD,11,North Kivu
CD,27,Sankuru
CD,12,South Kivu
CD,28,Sud-Ubangi
CD,29,Tanganyika
CD,30,Tshopo
CD,31,Tshuapa
CF,01,Bamingui-Bangoran
CF,18,Bangui
CF,02,Basse-Kotto
CF,05,Haut-Mbomou
CF,03,Haute-Kotto
CF,06,Kemo
CF,21,Lim-Pende
CF,07,Lobaye
CF,19,Mambere
CF,04,Mambere-Kadei
CF,08,Mbomou
CF,15,Nana-Grebizi
CF,09,Nana-Mambere
CF,17,Ombella-M'Poko
CF,11,Ouaka
CF,12,Ouham
CF,20,Ouham-Fafa
CF,13,Ouham-Pende
CF,16,Sangha-Mbaere
CF,14,Vakaga
CG,01,Bouenza
CG,12,Brazzaville
CG,13,Cuvette
CG,14,Cuvette-Ouest
CG,04,Kouilou
CG,05,Lekoumou
CG,06,Likouala
CG,07,Niari
CG,08,Plateaux
CG,15,Pointe-Noire
CG,11,Pool
CG,10,Sangha
CH,AG,Aargau
CH,AR,Appenzell Ausserrhoden
CH,AI,Appenzell Innerrhoden
CH,BS,Basel-City
CH,BL,Basel-Landschaft
CH,BE,Bern
CH,FR,Fribourg
CH,GE,Geneva
CH,GL,Glarus
CH,GR,Grisons
CH,JU,Jura
CH,LU,Lucerne
CH,NE,Neuchatel
CH,NW,Nidwalden
CH,OW,Obwalden
CH,SG,Saint Gallen
CH,SH,Schaffhausen
CH,SZ,Schwyz
CH,SO,Solothurn
CH,TG,Thurgau
CH,TI,Ticino
CH,UR,Uri
CH,VS,Valais
CH,VD,Vaud
CH,ZG,Zug
CH,ZH,Zurich
CI,93,Abidjan Autonomous District
CI,76,Bas-Sassandra District
CI,94,Comoe District
CI,77,Denguele District
CI,95,Goh-Djiboua
CI,81,Lacs District
CI,82,Lagunes District
CI,78,Montagnes
CI,96,Sassandra-Marahoue
CI,87,Savanes District
CI,90,Vallee du Bandama District
CI,97,Woroba
CI,98,Yamoussoukro
CI,92,Zanzan District
CK,11695425,Rarotonga
CL,03,Antofagasta
CL,04,Araucania
CL,16,Arica y Parinacota Region
CL,05,Atacama
CL,02,Aysen
CL,06,Biobio
CL,07,Coquimbo Region
CL,14,Los Lagos Region
CL,17,Los Rios Region
CL,11,Maule Region
CL,18,Nuble
CL,08,O'Higgins Region
CL,10,Region of Magallanes
CL,12,Santiago Metropolitan
CL,15,Tarapaca
CL,01,Valparaiso
CM,10,Adamaoua
CM,11,Centre
CM,04,East
CM,12,Far North
CM,05,Littoral
CM,13,North
CM,07,North-West
CM,14,South
CM,09,South-West
CM,08,West
CN,01,Anhui
CN,22,Beijing
CN,33,Chongqing
CN,07,Fujian
CN,15,Gansu
CN,30,Guangdong
CN,16,Guangxi
CN,18,Guizhou
CN,31,Hainan
CN,10,Hebei
CN,08,Heilongjiang
CN,09,Henan
CN,12,Hubei
CN,11,Hunan
CN,20,Inner Mongolia
CN,04,Jiangsu
CN,03,Jiangxi
CN,05,Jilin
CN,19,Liaoning
CN,21,Ningxia
CN,06,Qinghai
CN,26,Shaanxi
CN,25,Shandong
CN,23,Shanghai
CN,24,Shanxi
CN,32,Sichuan
CN,28,Tianjin
CN,14,Tibet
CN,13,Xinjiang
CN,29,Yunnan
CN,02,Zhejiang
CO,01,Amazonas Department
CO,02,Antioquia
CO,03,Arauca Department
CO,04,Atlantico
CO,34,Bogota D.C.
CO,35,Bolivar
CO,36,Boyaca
CO,37,Caldas Department
CO,08,Caqueta
CO,32,Casanare Department
CO,09,Cauca Department
CO,10,Cesar Department
CO,11,Choco
CO,12,Cordoba
CO,33,Cundinamarca
CO,15,Guainia Department
CO,14,Guaviare Department
CO,16,Huila Department
CO,17,La Guajira Department
CO,38,Magdalena Department
CO,19,Meta Department
CO,20,Narino
CO,21,Norte de Santander Department
CO,22,Putumayo Department
CO,23,Quindio Department
CO,24,Risaralda Department
CO,25,San Andres y Providencia
CO,26,Santander Department
CO,27,Sucre Department
CO,28,Tolima Department
CO,29,Valle del Cauca Department
CO,30,Vaupes
CO,31,Vichada Department
CR,01,Alajuela Province
CR,02,Cartago Province
CR,03,Guanacaste Province
CR,04,Heredia Province
CR,06,Limon Province
CR,07,Puntarenas Province
CR,08,San Jose
CU,AR,Artemisa
CU,05,Camaguey
CU,07,Ciego de Avila Province
CU,08,Cienfuegos Province
CU,09,Granma Province
CU,10,Guantanamo Province
CU,02,Havana
CU,12,Holguin Province
CU,04,Isla de la Juventud
CU,13,Las Tunas Province
CU,03,Matanzas Province
CU,MA,Mayabeque
CU,01,Pinar del Rio
CU,14,Sancti Spiritus Province
CU,15,Santiago de Cuba Province
CU,16,Villa Clara Province
CV,01,Boa Vista
CV,02,Brava
CV,04,Maio
CV,13,Mosteiros
CV,05,Paul
CV,21,Porto Novo
CV,14,Praia
CV,22,Ribeira Brava
CV,23,Ribeira Grande de Santiago
CV,08,Sal
CV,15,Santa Catarina
CV,24,Santa Catarina do Fogo
CV,16,Santa Cruz
CV,17,Sao Domingos
CV,18,Sao Filipe
CV,25,Sao Lourenco dos Orgaos
CV,19,Sao Miguel
CV,26,Sao Salvador do Mundo
CV,11,Sao Vicente
CV,20,Tarrafal
CV,27,Tarrafal de Sao Nicolau
CY,01,Ammochostos
CY,02,Keryneia
CY,03,Larnaka
CY,05,Limassol
CY,04,Nicosia
CY,06,Pafos
CZ,81,Carlsbad Region
CZ,88,Central Bohemia
CZ,82,Hradec Kralove Region
CZ,83,Liberec Region
CZ,85,Moravian-Silesian Region
CZ,84,Olomouc Region
CZ,86,Pardubice Region
CZ,87,Plzen Region
CZ,52,Prague
CZ,79,South Bohemian Region
CZ,78,South Moravian
CZ,89,Usti nad Labem Region
CZ,80,Vysocina
CZ,90,Zlin
DE,01,Baden-Wurttemberg
DE,02,Bavaria
DE,11,Brandenburg
DE,03,Bremen
DE,04,Hamburg
DE,05,Hesse
DE,06,Lower Saxony
DE,12,Mecklenburg-Vorpommern
DE,07,North Rhine-Westphalia
DE,08,Rheinland-Pfalz
DE,09,Saarland
DE,13,Saxony
DE,14,Saxony-Anhalt
DE,10,Schleswig-Holstein
DE,16,State of Berlin
DE,15,Thuringia
DJ,01,Ali Sabieh
DJ,08,Arta
DJ,06,Dikhil
DJ,07,Djibouti
DJ,04,Obock
DJ,05,Tadjourah
DK,17,Capital Region
DK,18,Central Jutland
DK,19,North Denmark
DK,21,South Denmark
DK,20,Zealand
DM,02,Saint Andrew Parish
DM,03,Saint David Parish
DM,04,Saint George Parish
DM,05,Saint John Parish
DM,06,Saint Joseph Parish
DM,07,Saint Luke Parish
DM,08,Saint Mark Parish
DM,09,Saint Patrick Parish
DM,10,Saint Paul Parish
DM,11,Saint Peter Parish
DO,01,Azua Province
DO,02,Baoruco Province
DO,03,Barahona Province
DO,04,Dajabon
DO,06,Duarte Province
DO,28,El Seibo
DO,11,Elias Pina
DO,08,Espaillat Province
DO,29,Hato Mayor Province
DO,19,Hermanas Mirabal
DO,09,Independencia
DO,10,La Altagracia Province
DO,12,La Romana
DO,30,La Vega
DO,14,Maria Trinidad Sanchez
DO,31,Monsenor Nouel
DO,15,Monte Cristi Province
DO,32,Monte Plata Province
DO,34,Nacional
DO,16,Pedernales Province
DO,35,Peravia
DO,18,Puerto Plata
DO,20,Samana
DO,33,San Cristobal
DO,36,San Jose de Ocoa
DO,23,San Juan Province
DO,24,San Pedro de Macoris
DO,21,Sanchez Ramirez
DO,25,Santiago Province
DO,26,Santiago Rodriguez
DO,37,Santo Domingo Province
DO,27,Valverde Province
DZ,34,Adrar
DZ,35,Ain Defla
DZ,36,Ain Temouchent
DZ,01,Algiers
DZ,37,Annaba
DZ,03,Batna
DZ,38,Bechar
DZ,18,Bejaia
DZ,BA,Beni Abbes
DZ,19,Biskra
DZ,20,Blida
DZ,39,Bordj Bou Arreridj
DZ,21,Bouira
DZ,40,Boumerdes
DZ,41,Chlef
DZ,04,Constantine
DZ,DJ,Djanet
DZ,22,Djelfa
DZ,42,El Bayadh
DZ,EM,El Menia
DZ,MG,El Mghair
DZ,43,El Oued
DZ,44,El Tarf
DZ,45,Ghardaia
DZ,23,Guelma
DZ,46,Illizi
DZ,IG,In Guezzam
DZ,IS,In Salah
DZ,24,Jijel
DZ,47,Khenchela
DZ,25,Laghouat
DZ,27,M'Sila
DZ,26,Mascara
DZ,06,Medea
DZ,48,Mila
DZ,07,Mostaganem
DZ,49,Naama
DZ,09,Oran
DZ,50,Ouargla
DZ,OD,Ouled Djellal
DZ,29,Oum el Bouaghi
DZ,51,Relizane
DZ,10,Saida
DZ,12,Setif
DZ,30,Sidi Bel Abbes
DZ,31,Skikda
DZ,52,Souk Ahras
DZ,53,Tamanrasset
DZ,33,Tebessa
DZ,13,Tiaret
DZ,TM,Timimoun
DZ,54,Tindouf
DZ,55,Tipaza
DZ,56,Tissemsilt
DZ,14,Tizi Ouzou
DZ,15,Tlemcen
DZ,TG,Touggourt
EC,02,Azuay
EC,03,Bolivar
EC,04,Canar
EC,05,Carchi
EC,06,Chimborazo Province
EC,07,Cotopaxi
EC,08,El Oro
EC,09,Esmeraldas
EC,01,Galapagos
EC,10,Guayas
EC,11,Imbabura
EC,12,Loja
EC,13,Los Rios
EC,14,Manabi
EC,15,Morona-Santiago Province
EC,23,Napo
EC,24,Orellana Province
EC,17,Pastaza Province
EC,18,Pichincha
EC,25,Santa Elena
EC,26,Santo Domingo de los Tsachilas
EC,22,Sucumbios
EC,19,Tungurahua Province
EC,20,Zamora Chinchipe
EE,01,Harjumaa
EE,02,Hiiumaa
EE,03,Ida-Virumaa
EE,04,Jaervamaa
EE,05,Jogevamaa
EE,07,Laeaene
EE,08,Laeaene-Virumaa
EE,11,Paernumaa
EE,12,Polvamaa
EE,13,Raplamaa
EE,14,Saare
EE,18,Tartu
EE,19,Valgamaa
EE,20,Viljandimaa
EE,21,Vorumaa
EG,06,Alexandria
EG,16,Aswan
EG,17,Asyut
EG,03,Beheira
EG,18,Beni Suweif
EG,11,Cairo
EG,01,Dakahlia
EG,20,Damietta
EG,04,Faiyum
EG,05,Gharbia
EG,08,Giza
EG,07,Ismailia
EG,21,Kafr el-Sheikh
EG,28,Luxor
EG,22,Matruh
EG,10,Minya
EG,09,Monufia
EG,13,New Valley
EG,27,North Sinai
EG,19,Port Said
EG,12,Qalyubia
EG,23,Qena
EG,02,Red Sea
EG,14,Sharqia
EG,24,Sohag
EG,26,South Sinai
EG,15,Suez
ER,01,Anseba
ER,02,Debub
ER,04,Gash-Barka
ER,05,Maekel
ER,06,Northern Red Sea
ER,03,Southern Red Sea
ES,51,Andalusia
ES,52,Aragon
ES,34,Asturias
ES,07,Balearic Islands
ES,59,Basque Country
ES,53,Canary Islands
ES,39,Cantabria
ES,55,Castille and Leon
ES,54,Castille-La Mancha
ES,56,Catalonia
ES,CE,Ceuta
ES,57,Extremadura
ES,58,Galicia
ES,27,La Rioja
ES,29,Madrid
ES,ML,Melilla
ES,31,Murcia
ES,32,Navarre
ES,60,Valencia
ET,44,Addis Ababa
ET,45,Afar
ET,46,Amhara
ET,47,Binshangul Gumuz
ET,55,Central Ethiopia Regional State
ET,48,Dire Dawa
ET,49,Gambela
ET,50,Harari
ET,51,Oromiya
ET,SI,Sidama Region
ET,52,Somali
ET,56,South Ethiopia Regional State
ET,SW,South West Ethiopia Peoples' Region
ET,53,Tigray
FI,13,Central Finland
FI,16,Central Ostrobothnia
FI,18,Kainuu
FI,05,Kanta-Haeme
FI,08,Kymenlaakso
FI,19,Lapland
FI,12,North Karelia
FI,17,North Ostrobothnia
FI,11,North Savo
FI,15,Ostrobothnia
FI,07,Paijat-Hame
FI,06,Pirkanmaa
FI,04,Satakunta
FI,09,South Karelia
FI,14,South Ostrobothnia
FI,10,South Savo
FI,02,Southwest Finland
FI,01,Uusimaa
FJ,01,Central
FJ,02,Eastern
FJ,03,Northern
FJ,04,Rotuma
FJ,05,Western
FM,03,Chuuk
FM,01,Kosrae
FM,02,Pohnpei State
FM,04,Yap State
FO,OS,Eysturoy
FO,NO,Nordoyar
FO,SA,Sandoy
FO,ST,Streymoy
FO,SU,Suduroy
FO,VG,Vagar
FR,84,Auvergne-Rhone-Alpes
FR,27,Bourgogne-Franche-Comte
FR,53,Brittany
FR,24,Centre-Val de Loire
FR,94,Corsica
FR,44,Grand Est
FR,32,Hauts-de-France
FR,11,Ile-de-France
FR,75,New Aquitaine
FR,28,Normandy
FR,76,Occitanie
FR,52,Pays de la Loire
FR,93,Provence-Alpes-Cote d'Azur
GA,01,Estuaire
GA,02,Haut-Ogooue
GA,03,Moyen-Ogooue
GA,04,Ngouni
GA,05,Nyanga
GA,06,Ogooue-Ivindo
GA,07,Ogooue-Lolo
GA,08,Ogooue-Maritime
GA,09,Woleu-Ntem
GB,ENG,England
GB,NIR,Northern Ireland
GB,SCT,Scotland
GB,WLS,Wales
GD,10,Carriacou and Petite Martinique
GD,01,Saint Andrew Parish
GD,02,Saint David Parish
GD,03,Saint George Parish
GD,04,Saint John Parish
GD,05,Saint Mark Parish
GD,06,Saint Patrick Parish
GE,02,Abkhazia
GE,04,Adjara
GE,65,Guria
GE,66,Imereti
GE,67,Kakheti
GE,68,Kvemo Kartli
GE,69,Mtskheta-Mtianeti
GE,70,Racha-Lechkhumi and Kvemo Svaneti
GE,71,Samegrelo and Zemo Svaneti
GE,72,Samtskhe-Javakheti
GE,73,Shida Kartli
GE,51,Tbilisi
GF,GF,Guyane
GG,8989934,Alderney
GG,6417229,Castel
GG,6417223,Forest
GG,6417226,Saint Andrew
GG,6417215,Saint Saviour
GG,6417224,St Martin
GG,6417228,St Peter Port
GG,6417213,St Pierre du Bois
GG,6417233,St Sampson
GG,6417214,Torteval
GH,12,Ahafo
GH,02,Ashanti
GH,13,Bono
GH,14,Bono East
GH,04,Central
GH,05,Eastern
GH,01,Greater Accra
GH,15,North East
GH,06,Northern
GH,16,Oti
GH,17,Savannah
GH,10,Upper East
GH,11,Upper West
GH,08,Volta
GH,09,Western
GH,18,Western North
GL,11839537,Avannaata
GL,04,Kujalleq
GL,11839534,Qeqertalik
GL,06,Qeqqata
GL,07,Sermersooq
GM,01,Banjul
GM,03,Central River
GM,02,Lower River
GM,07,North Bank
GM,04,Upper River
GM,05,Western
GN,B,Boke Region
GN,04,Conakry
GN,F,Faranah
GN,K,Kankan Region
GN,D,Kindia
GN,L,Labe Region
GN,M,Mamou Region
GN,N,Nzerekore Region
GP,GP,Guadeloupe
GQ,03,Annobon
GQ,04,Bioko Norte
GQ,05,Bioko Sur
GQ,06,Centro Sur
GQ,10,Djibloho
GQ,07,Kie-Ntem
GQ,08,Litoral
GQ,09,Wele-Nzas
GR,ESYE31,Attica
GR,ESYE24,Central Greece
GR,ESYE12,Central Macedonia
GR,ESYE43,Crete
GR,ESYE11,East Macedonia and Thrace
GR,ESYE21,Epirus
GR,ESYE22,Ionian Islands
GR,736572,Mount Athos
GR,ESYE41,North Aegean
GR,ESYE25,Peloponnese
GR,ESYE42,South Aegean
GR,ESYE14,Thessaly
GR,ESYE23,West Greece
GR,ESYE13,West Macedonia
GT,01,Alta Verapaz
GT,02,Baja Verapaz
GT,03,Chimaltenango
GT,04,Chiquimula
GT,05,El Progreso
GT,06,Escuintla
GT,07,Guatemala
GT,08,Huehuetenango
GT,09,Izabal Department
GT,10,Jalapa
GT,11,Jutiapa
GT,12,Peten
GT,13,Quetzaltenango
GT,14,Quiche
GT,15,Retalhuleu
GT,16,Sacatepequez
GT,17,San Marcos
GT,18,Santa Rosa Department
GT,19,Solola
GT,20,Suchitepeque
GT,21,Totonicapan
GT,22,Zacapa
GU,AH,Agana Heights
GU,AT,Agat
GU,AS,Asan
GU,BA,Barrigada
GU,CP,Chalan Pago-Ordot
GU,DD,Dededo
GU,AN,Hagatna
GU,IN,Inarajan
GU,MA,Mangilao
GU,ME,Merizo
GU,MT,Mongmong-Toto-Maite
GU,PI,Piti
GU,SR,Santa Rita
GU,SJ,Sinajana
GU,TF,Talofofo
GU,TM,Tamuning
GU,UM,Umatac
GU,YG,Yigo
GU,YN,Yona
GW,01,Bafata
GW,12,Biombo
GW,11,Bissau
GW,05,Bolama
GW,06,Cacheu
GW,10,Gabu
GW,04,Oio
GW,02,Quinara
GW,07,Tombali
GY,10,Barima-Waini
GY,11,Cuyuni-Mazaruni
GY,12,Demerara-Mahaica
GY,13,East Berbice-Corentyne
GY,14,Essequibo Islands-West Demerara
GY,15,Mahaica-Berbice
GY,16,Pomeroon-Supenaam
GY,17,Potaro-Siparuni
GY,18,Upper Demerara-Berbice
GY,19,Upper Takutu-Upper Essequibo
HK,HCW,Central and Western
HK,HEA,Eastern District
HK,NIS,Islands
HK,KKC,Kowloon City
HK,NKT,Kwai Tsing District
HK,KKT,Kwun Tong District
HK,NNO,North District
HK,NSK,Sai Kung District
HK,NST,Sha Tin
HK,KSS,Sham Shui Po District
HK,HSO,Southern District
HK,NTP,Tai Po
HK,NTW,Tsuen Wan
HK,NTM,Tuen Mun
HK,HWC,Wan Chai
HK,KWT,Wong Tai Sin District
HK,KYT,Yau Tsim Mong District
HK,NYL,Yuen Long
HN,01,Atlantida Department
HN,11,Bay Islands
HN,02,Choluteca Department
HN,03,Colon Department
HN,04,Comayagua Department
HN,05,Copan Department
HN,06,Cortes Department
HN,07,El Paraiso Department
HN,08,Francisco Morazan Department
HN,09,Gracias a Dios Department
HN,10,Intibuca Department
HN,12,La Paz Department
HN,13,Lempira Department
HN,14,Ocotepeque Department
HN,15,Olancho Department
HN,16,Santa Barbara Department
HN,17,Valle Department
HN,18,Yoro Department
HR,01,Bjelovar-Bilogora
HR,02,Brod-Posavina
HR,10,County of Osijek-Baranja
HR,03,Dubrovnik-Neretva
HR,04,Istria
HR,05,Karlovac
HR,06,Koprivnica-Krizevci
HR,07,Krapina-Zagorje
HR,08,Lika-Senj
HR,09,Megimurje
HR,11,Pozega-Slavonia
HR,12,Primorje-Gorski Kotar
HR,13,Sibenik-Knin
HR,14,Sisak-Moslavina
HR,15,Split-Dalmatia
HR,16,Varazdin
HR,17,Virovitica-Podravina
HR,18,Vukovar-Srijem
HR,19,Zadar
HR,21,Zagreb
HR,20,Zagreb County
HT,06,Artibonite
HT,07,Centre
HT,14,Grand'Anse
HT,15,Nippes
HT,09,Nord
HT,10,Nord-Est
HT,03,Nord-Ouest
HT,11,Ouest
HT,12,Sud
HT,13,Sud-Est
HU,01,Bacs-Kiskun
HU,02,Baranya
HU,03,Bekes County
HU,04,Borsod-Abauj-Zemplen
HU,05,Budapest
HU,06,Csongrad
HU,08,Fejer
HU,09,Gyor-Moson-Sopron
HU,10,Hajdu-Bihar
HU,11,Heves County
HU,20,Jasz-Nagykun-Szolnok
HU,12,Komarom-Esztergom
HU,14,Nograd
HU,16,Pest County
HU,17,Somogy County
HU,18,Szabolcs-Szatmar-Bereg
HU,21,Tolna County
HU,22,Vas County
HU,23,Veszprem
HU,24,Zala County
ID,01,Aceh
ID,02,Bali
ID,35,Bangka-Belitung Islands
ID,33,Banten
ID,03,Bengkulu
ID,07,Central Java
ID,13,Central Kalimantan
ID,PT,Central Papua
ID,21,Central Sulawesi
ID,08,East Java
ID,14,East Kalimantan
ID,18,East Nusa Tenggara
ID,34,Gorontalo
ID,PE,Highland Papua
ID,04,Jakarta
ID,05,Jambi
ID,15,Lampung
ID,28,Maluku
ID,42,North Kalimantan
ID,29,North Maluku
ID,31,North Sulawesi
ID,26,North Sumatra
ID,36,Papua
ID,37,Riau
ID,40,Riau Islands
ID,12,South Kalimantan
ID,PS,South Papua
ID,38,South Sulawesi
ID,32,South Sumatra
ID,22,Southeast Sulawesi
ID,PD,Southwest Papua
ID,30,West Java
ID,11,West Kalimantan
ID,17,West Nusa Tenggara
ID,39,West Papua
ID,41,West Sulawesi
ID,24,West Sumatra
ID,10,Yogyakarta
IE,C,Connacht
IE,L,Leinster
IE,M,Munster
IE,U,Ulster
IL,02,Central District
IL,04,Haifa
IL,06,Jerusalem
IL,WE,Judea and Samaria Area
IL,03,Northern District
IL,01,Southern District
IL,05,Tel Aviv
IM,9782164,Andreas
IM,9782165,Arbory
IM,9782166,Ballaugh
IM,9782167,Braddan
IM,9782168,Bride
IM,9782169,Castletown
IM,9782170,Douglas
IM,9782172,Jurby
IM,9782173,Laxey
IM,9782176,Lezayre
IM,9782182,Malew
IM,9782183,Marown
IM,9782184,Maughold
IM,9782185,Michael
IM,9782186,Onchan
IM,9782187,Patrick
IM,9782188,Peel
IM,9782189,Port Erin
IM,9782190,Port St Mary
IM,9782191,Ramsey
IM,9782193,Santon
IN,01,Andaman and Nicobar
IN,02,Andhra Pradesh
IN,30,Arunachal Pradesh
IN,03,Assam
IN,34,Bihar
IN,05,Chandigarh
IN,37,Chhattisgarh
IN,52,Dadra and Nagar Haveli and Daman and Diu
IN,07,Delhi
IN,33,Goa
IN,09,Gujarat
IN,10,Haryana
IN,11,Himachal Pradesh
IN,12,Jammu and Kashmir
IN,38,Jharkhand
IN,19,Karnataka
IN,13,Kerala
IN,41,Ladakh
IN,14,Lakshadweep
IN,35,Madhya Pradesh
IN,16,Maharashtra
IN,17,Manipur
IN,18,Meghalaya
IN,31,Mizoram
IN,20,Nagaland
IN,21,Odisha
IN,22,Puducherry
IN,23,Punjab
IN,24,Rajasthan
IN,29,Sikkim
IN,25,Tamil Nadu
IN,40,Telangana
IN,26,Tripura
IN,36,Uttar Pradesh
IN,39,Uttarakhand
IN,28,West Bengal
IQ,04,Al-Qadisiyah
IQ,01,Anbar
IQ,06,Babil
IQ,07,Baghdad
IQ,02,Basra
IQ,09,Dhi Qar
IQ,10,Diyala
IQ,08,Duhok
IQ,11,Erbil
IQ,19,Halabja
IQ,12,Karbala
IQ,13,Kirkuk
IQ,14,Maysan
IQ,03,Muthanna
IQ,17,Najaf
IQ,15,Nineveh
IQ,18,Salah ad Din
IQ,05,Sulaymaniyah
IQ,16,Wasit
IR,44,Alborz Province
IR,32,Ardabil Province
IR,22,Bushehr
IR,03,Chaharmahal and Bakhtiari
IR,33,East Azerbaijan
IR,07,Fars
IR,08,Gilan Province
IR,37,Golestan
IR,09,Hamadan Province
IR,11,Hormozgan
IR,10,Ilam Province
IR,28,Isfahan
IR,29,Kerman
IR,13,Kermanshah Province
IR,15,Khuzestan
IR,05,Kohgiluyeh and Boyer-Ahmad
IR,16,Kurdistan Province
IR,23,Lorestan Province
IR,34,Markazi
IR,35,Mazandaran
IR,43,North Khorasan
IR,38,Qazvin Province
IR,39,Qom Province
IR,42,Razavi Khorasan
IR,25,Semnan
IR,04,Sistan and Baluchestan
IR,41,South Khorasan Province
IR,26,Tehran
IR,01,West Azerbaijan
IR,40,Yazd Province
IR,36,Zanjan
IS,39,Capital Region
IS,38,East
IS,40,Northeast
IS,41,Northwest
IS,42,South
IS,43,Southern Peninsula
IS,45,West
IS,44,Westfjords
IT,01,Abruzzo
IT,19,Aosta Valley
IT,13,Apulia
IT,02,Basilicate
IT,03,Calabria
IT,04,Campania
IT,05,Emilia-Romagna
IT,06,Friuli Venezia Giulia
IT,07,Lazio
IT,08,Liguria
IT,09,Lombardy
IT,11,Molise
IT,12,Piedmont
IT,14,Sardinia
IT,15,Sicily
IT,10,The Marches
IT,17,Trentino-Alto Adige
IT,16,Tuscany
IT,18,Umbria
IT,20,Veneto
JE,3237072,St Clement
JE,3237864,St Helier
JM,01,Clarendon
JM,02,Hanover
JM,17,Kingston
JM,04,Manchester
JM,07,Portland Parish
JM,08,Saint Andrew Parish
JM,09,Saint Ann Parish
JM,10,Saint Catherine Parish
JM,12,Saint James Parish
JM,13,Saint Mary Parish
JM,14,Saint Thomas Parish
JM,11,St. Elizabeth
JM,15,Trelawny Parish
JM,16,Westmoreland
JO,20,Ajloun
JO,16,Amman
JO,21,Aqaba
JO,02,Balqa
JO,18,Irbid
JO,22,Jerash
JO,09,Karak
JO,19,Ma'an
JO,23,Madaba
JO,15,Mafraq
JO,12,Tafielah
JO,17,Zarqa
JP,01,Aichi
JP,02,Akita
JP,03,Aomori
JP,04,Chiba
JP,05,Ehime
JP,06,Fukui
JP,07,Fukuoka
JP,08,Fukushima
JP,09,Gifu
JP,10,Gunma
JP,11,Hiroshima
JP,12,Hokkaido
JP,13,Hyogo
JP,14,Ibaraki
JP,15,Ishikawa
JP,16,Iwate
JP,17,Kagawa
JP,18,Kagoshima
JP,19,Kanagawa
JP,20,Kochi
JP,21,Kumamoto
JP,22,Kyoto
JP,23,Mie
JP,24,Miyagi
JP,25,Miyazaki
JP,26,Nagano
JP,27,Nagasaki
JP,28,Nara
JP,29,Niigata
JP,30,Oita
JP,31,Okayama
JP,47,Okinawa
JP,32,Osaka
JP,33,Saga
JP,34,Saitama
JP,35,Shiga
JP,36,Shimane
JP,37,Shizuoka
JP,38,Tochigi
JP,39,Tokushima
JP,40,Tokyo
JP,41,Tottori
JP,42,Toyama
JP,43,Wakayama
JP,44,Yamagata
JP,45,Yamaguchi
JP,46,Yamanashi
KE,10,Baringo
KE,11,Bomet County
KE,12,Bungoma County
KE,13,Busia County
KE,15,Embu County
KE,16,Garissa County
KE,17,Homa Bay County
KE,18,Isiolo County
KE,19,Kajiado County
KE,20,Kakamega County
KE,21,Kericho County
KE,22,Kiambu County
KE,23,Kilifi County
KE,24,Kirinyaga County
KE,25,Kisii County
KE,26,Kisumu County
KE,27,Kitui County
KE,28,Kwale County
KE,29,Laikipia
KE,30,Lamu
KE,31,Machakos County
KE,32,Makueni County
KE,33,Mandera County
KE,14,Marakwet District
KE,34,Marsabit County
KE,35,Meru County
KE,36,Migori County
KE,37,Mombasa County
KE,38,Murang'A
KE,05,Nairobi County
KE,39,Nakuru County
KE,40,Nandi
KE,41,Narok County
KE,42,Nyamira county
KE,43,Nyandarua County
KE,44,Nyeri County
KE,45,Samburu County
KE,46,Siaya County
KE,47,Taita Taveta
KE,48,Tana River County
KE,49,Tharaka - Nithi
KE,50,Trans Nzoia
KE,51,Turkana County
KE,52,Uasin Gishu County
KE,53,Vihiga County
KE,54,Wajir County
KE,55,West Pokot County
KG,09,Batken
KG,01,Bishkek
KG,02,Chuy Region
KG,07,Issyk-Kul
KG,03,Jalal-Abad Region
KG,04,Naryn Region
KG,08,Osh Region
KG,06,Talas Region
KH,25,Banteay Meanchey
KH,29,Battambang
KH,02,Kampong Cham
KH,03,Kampong Chhnang
KH,04,Kampong Speu Province
KH,05,Kampong Thom
KH,21,Kampot
KH,07,Kandal
KH,26,Kep
KH,08,Koh Kong
KH,09,Kratie
KH,10,Mondolkiri
KH,27,Otar Meanchey
KH,30,Pailin
KH,22,Phnom Penh
KH,28,Preah Sihanouk
KH,13,Preah Vihear
KH,14,Prey Veng
KH,12,Pursat
KH,23,Ratanakiri
KH,24,Siem Reap
KH,17,Stung Treng
KH,18,Svay Rieng
KH,19,Takeo
KH,31,Tboung Khmum
KI,01,Gilbert Islands
KM,01,Anjouan
KM,02,Grande Comore
KM,03,Moheli
KN,01,Christ Church Nichola Town
KN,13,Middle Island
KN,02,Saint Anne Sandy Point
KN,03,Saint George Basseterre
KN,04,Saint George Gingerland
KN,05,Saint James Windwa
KN,06,Saint John Capesterre
KN,07,Saint John Figtree
KN,08,Saint Mary Cayon
KN,09,Saint Paul Capesterre
KN,10,Saint Paul Charlestown
KN,11,Saint Peter Basseterre
KN,12,Saint Thomas Lowland
KN,15,Trinity Palmetto Point
KP,01,Chagang
KP,19,Kaesong
KP,09,Kangwon-do
KP,14,Nampo
KP,17,North Hamgyong
KP,07,North Hwanghae
KP,11,P'yongan-bukto
KP,12,Pyongyang
KP,18,Rason
KP,03,South Hamgyong
KP,06,South Hwanghae
KP,15,South Pyongan
KP,13,Yanggang-do
KR,10,Busan
KR,17,Chungcheongnam-do
KR,15,Daegu
KR,19,Daejeon
KR,06,Gangwon-do
KR,18,Gwangju
KR,13,Gyeonggi-do
KR,14,Gyeongsangbuk-do
KR,20,Gyeongsangnam-do
KR,12,Incheon
KR,01,Jeju-do
KR,03,Jeollabuk-do
KR,16,Jeollanam-do
KR,05,North Chungcheong
KR,22,Sejong-si
KR,11,Seoul
KR,21,Ulsan
KW,04,Al Ahmadi
KW,02,Al Asimah
KW,07,Al Farwaniyah
KW,05,Al Jahra Governorate
KW,08,Hawalli
KW,09,Mubarak al Kabir
KY,10375969,Bodden Town
KY,10375971,East End
KY,10346796,George Town
KY,10375970,North Side
KY,10375972,Sister Island
KY,10375968,West Bay
KZ,12510143,Abai Region
KZ,04,Aktobe
KZ,02,Almaty
KZ,01,Almaty Region
KZ,03,Aqmola
KZ,05,Astana
KZ,06,Atyrau Oblisi
KZ,08,Baikonur
KZ,15,East Kazakhstan
KZ,12,Karaganda
KZ,13,Kostanay
KZ,14,Kyzylorda
KZ,09,Mangystau
KZ,16,North Kazakhstan
KZ,11,Pavlodar Region
KZ,1537272,Shymkent
KZ,10,Turkistan
KZ,12510145,Ulytau Region
KZ,07,West Kazakhstan
KZ,17,Zhambyl
KZ,12510144,Zhetysu Region
LA,01,Attapu
LA,22,Bokeo
LA,23,Bolikhamsai
LA,02,Champasak Province
LA,03,Houaphan
LA,15,Khammouane Province
LA,16,Loungnamtha
LA,17,Luang Prabang Province
LA,07,Oudomxai
LA,18,Phongsali
LA,19,Salavan Province
LA,20,Savannakhet Province
LA,27,Vientiane
LA,24,Vientiane Prefecture
LA,26,Xekong
LA,13,Xiagnabouli
LA,14,Xiangkhoang
LB,10,Akkar
LB,11,Baalbek-Hermel Governorate
LB,04,Beirut
LB,08,Bekaa
LB,05,Mount Lebanon
LB,07,Nabatieh
LB,09,North Lebanon
LB,06,South Governorate
LC,01,Anse-la-Raye
LC,03,Castries
LC,04,Choiseul
LC,05,Dennery
LC,06,Gros-Islet
LC,07,Laborie
LC,08,Micoud
LC,09,Soufriere
LC,10,Vieux-Fort
LI,01,Balzers
LI,02,Eschen
LI,03,Gamprin
LI,04,Mauren
LI,05,Planken
LI,06,Ruggell
LI,07,Schaan
LI,08,Schellenberg
LI,09,Triesen
LI,10,Triesenberg
LI,11,Vaduz
LK,29,Central Province
LK,37,Eastern Province
LK,30,North Central Province
LK,32,North Western Province
LK,38,Northern Province
LK,33,Sabaragamuwa Province
LK,34,Southern Province
LK,35,Uva Province
LK,36,Western Province
LR,15,Bomi County
LR,01,Bong County
LR,21,Gbarpolu County
LR,11,Grand Bassa County
LR,12,Grand Cape Mount County
LR,19,Grand Gedeh County
LR,16,Grand Kru County
LR,20,Lofa County
LR,17,Margibi County
LR,13,Maryland County
LR,14,Montserrado County
LR,09,Nimba
LR,18,River Cess County
LR,22,River Gee County
LR,10,Sinoe County
LS,10,Berea
LS,11,Butha-Buthe
LS,12,Leribe
LS,13,Mafeteng District
LS,14,Maseru District
LS,15,Mohale's Hoek District
LS,16,Mokhotlong District
LS,17,Qacha's Nek District
LS,18,Quthing
LS,19,Thaba-Tseka
LT,56,Alytus
LT,57,Kaunas
LT,58,Klaipeda County
LT,59,Marijampole County
LT,60,Panevezys
LT,61,Siauliai
LT,62,Taurage County
LT,63,Telsiai
LT,64,Utena
LT,65,Vilnius
LU,CA,Capellen
LU,DI,Diekirch
LU,ES,Esch-sur-Alzette
LU,GR,Grevenmacher
LU,LU,Luxembourg
LU,ME,Mersch
LU,RD,Redange
LU,RM,Remich
LU,WI,Wiltz
LV,34,Adazi
LV,01,Aizkraukle Municipality
LV,02,Aluksne Municipality
LV,03,Balvi Municipality
LV,04,Bauska Municipality
LV,05,Cesis Municipality
LV,06,Daugavpils
LV,08,Dobele Municipality
LV,09,Gulbene Municipality
LV,10,Jekabpils Municipality
LV,11,Jelgava
LV,13,Jurmala
LV,80,Kekava
LV,14,Kraslava Municipality
LV,15,Kuldiga Municipality
LV,16,Liepaja
LV,18,Limbazi Municipality
LV,90,Livani
LV,19,Ludza Municipality
LV,20,Madonas novads
LV,95,Marupe
LV,21,Ogre
LV,A2,Olaine
LV,22,Preilu novads
LV,23,Rezekne
LV,25,Riga
LV,B5,Ropazi Municipality
LV,C3,Salaspils Municipality
LV,27,Saldus Rajons
LV,C5,Saulkrasti Municipality
LV,C7,Sigulda Municipality
LV,D1,Smiltene Municipality
LV,DN,South Kurzeme Municipality
LV,28,Talsu novads
LV,29,Tukums Municipality
LV,30,Valka
LV,31,Valmiera
LV,E1,Varaklani Municipality
LV,32,Ventspils
LY,79,Al Butnan
LY,63,Al Jabal al Akhdar
LY,81,Al Jafarah
LY,64,Al Jufrah
LY,65,Al Kufrah
LY,66,Al Marj
LY,82,Al Marqab
LY,83,Al Wahat
LY,67,An Nuqat al Khams
LY,68,Az Zawiyah
LY,69,Banghazi
LY,70,Darnah
LY,71,Ghat
LY,80,Jabal al Gharbi
LY,72,Misratah
LY,73,Murzuq District
LY,74,Nalut
LY,75,Sabha District
LY,76,Surt
LY,77,Tripoli
LY,84,Wadi al Hayat
LY,78,Wadi ash Shati'
MA,05,Beni Mellal-Khenifra
MA,06,Casablanca-Settat
MA,12,Dakhla-Oued Ed-Dahab
MA,08,Draa-Tafilalet
MA,03,Fes-Meknes
MA,10,Guelmim-Oued Noun
MA,11,Laayoune-Sakia El Hamra
MA,07,Marrakesh-Safi
MA,02,Oriental
MA,04,Rabat-Sale-Kenitra
MA,09,Souss-Massa
MA,01,Tanger-Tetouan-Al Hoceima
MC,00,Municipality of Monaco
MD,59,Anenii Noi
MD,60,Balti
MD,61,Basarabeasca
MD,62,Bender Municipality
MD,63,Briceni
MD,64,Cahul
MD,66,Calarasi
MD,65,Cantemir
MD,67,Causeni
MD,57,Chisinau Municipality
MD,68,Cimislia
MD,69,Criuleni
MD,70,Donduseni
MD,71,Drochia
MD,72,Dubasari District
MD,74,Falesti
MD,75,Floresti
MD,51,Gagauzia
MD,76,Glodeni
MD,77,Hincesti
MD,78,Ialoveni
MD,79,Leova
MD,80,Nisporeni
MD,82,Orhei
MD,73,Raionul Edinet
MD,81,Raionul Ocnita
MD,83,Rezina
MD,84,Riscani
MD,85,Singerei
MD,86,Soldanesti
MD,87,Soroca District
MD,88,Stefan-Voda
MD,89,Straseni
MD,90,Taraclia
MD,91,Telenesti
MD,58,Transnistria
MD,92,Ungheni
ME,01,Andrijevica
ME,02,Bar
ME,03,Berane
ME,04,Bijelo Polje
ME,05,Budva
ME,06,Cetinje
ME,07,Danilovgrad
ME,22,Gusinje Municipality
ME,08,Herceg Novi
ME,10,Kotor
ME,11,Mojkovac
ME,09,Opstina Kolasin
ME,12,Opstina Niksic
ME,13,Opstina Plav
ME,15,Opstina Pluzine
ME,18,Opstina Savnik
ME,21,Opstina Zabljak
ME,23,Petnjica Municipality
ME,14,Pljevlja
ME,16,Podgorica
ME,17,Rozaje Municipality
ME,19,Tivat
ME,24,Tuzi Municipality
ME,20,Ulcinj
ME,25,Zeta
MG,33,Alaotra Mangoro
MG,22,Amoron'i Mania
MG,11,Analamanga
MG,32,Analanjirofo
MG,52,Androy
MG,53,Anosy
MG,51,Atsimo-Andrefana
MG,25,Atsimo-Atsinanana
MG,31,Atsinanana
MG,43,Betsiboka
MG,41,Boeny
MG,14,Bongolava
MG,71,Diana
MG,26,Fitovinany Region
MG,24,Ihorombe
MG,13,Itasy
MG,44,Melaky
MG,54,Menabe
MG,72,Sava
MG,42,Sofia
MG,21,Upper Matsiatra
MG,12,Vakinankaratra
MG,27,Vatovavy Region
MH,010,Ailinglaplap Atoll
MH,030,Ailuk Atoll
MH,040,Arno Atoll
MH,050,Aur Atoll
MH,080,Ebon Atoll
MH,090,Enewetak Atoll
MH,110,Jabat Island
MH,120,Jaluit Atoll
MH,140,Kili Island
MH,150,Kwajalein Atoll
MH,160,Lae Atoll
MH,170,Lib Island
MH,180,Likiep Atoll
MH,190,Majuro Atoll
MH,300,Maloelap Atoll
MH,310,Mejit Island
MH,320,Mili Atoll
MH,330,Namdrik Atoll
MH,340,Namu Atoll
MH,350,Rongelap Atoll
MH,390,Ujae Atoll
MH,410,Utrik Atoll
MH,420,Wotho Atoll
MH,430,Wotje Atoll
MK,01,Arachinovo
MK,04,Berovo
MK,06,Bitola
MK,08,Bogdanci
MK,C7,Bogovinje
MK,11,Bosilovo
MK,12,Brvenica
MK,18,Centar Zhupa
MK,C9,Chashka
MK,20,Chucher Sandevo
MK,D2,Debar
MK,F5,Debarca
MK,22,Delchevo
MK,D3,Demir Hisar
MK,25,Demir Kapija
MK,E5,Dojran
MK,28,Dolneni
MK,33,Gevgelija
MK,D4,Gostivar
MK,F6,Grad Skopje
MK,35,Gradsko
MK,36,Ilinden
MK,D5,Jegunovce
MK,40,Karbinci
MK,D6,Kavadarci
MK,43,Kichevo
MK,46,Kochani
MK,47,Konche
MK,51,Kratovo
MK,52,Kriva Palanka
MK,53,Krivogashtani
MK,54,Krushevo
MK,D7,Kumanovo
MK,59,Lipkovo
MK,60,Lozovo
MK,62,Makedonska Kamenica
MK,D8,Makedonski Brod
MK,E4,Mavrovo and Rostusa
MK,D9,Mogila
MK,69,Negotino
MK,E1,Novaci
MK,72,Novo Selo
MK,E2,Ohrid
MK,78,Pehchevo
MK,79,Petrovec
MK,80,Plasnica
MK,E3,Prilep
MK,83,Probishtip
MK,84,Radovish
MK,85,Rankovce
MK,86,Resen
MK,87,Rosoman
MK,98,Shtip
MK,92,Sopiste
MK,97,Staro Nagorichane
MK,E6,Struga
MK,E7,Strumica
MK,A2,Studenichani
MK,A4,Sveti Nikole
MK,A5,Tearce
MK,E8,Tetovo
MK,E9,Valandovo
MK,A9,Vasilevo
MK,F1,Veles
MK,B3,Vevchani
MK,B4,Vinica
MK,B7,Vrapchishte
MK,C2,Zelenikovo
MK,C3,Zhelino
MK,C6,Zrnovci
ML,01,Bamako
ML,09,Gao
ML,03,Kayes
ML,10,Kidal
ML,07,Koulikoro
ML,12070577,Menaka
ML,04,Mopti
ML,05,Segou
ML,06,Sikasso
ML,12070575,Taoudenit
ML,08,Tombouctou
MM,03,Ayeyarwady
MM,16,Bago Region
MM,02,Chin State
MM,04,Kachin State
MM,06,Kayah State
MM,05,Kayin State
MM,15,Magway
MM,08,Mandalay Region
MM,13,Mon
MM,18,Nay Pyi Taw
MM,01,Rakhine
MM,10,Sagaing Region
MM,11,Shan State
MM,12,Tanintharyi Region
MM,17,Yangon
MN,01,Arkhangai Province
MN,03,Bayan-OElgii Province
MN,02,Bayankhongor
MN,21,Bulgan
MN,18,Central Aimak
MN,23,Darhan Uul
MN,09,Dzabkhan
MN,06,East Aimak
MN,07,East Gobi Aymag
MN,10,Govi-Altai Province
MN,24,Govi-Sumber
MN,11,Hentiy
MN,12,Hovd
MN,13,Khoevsgoel Province
MN,08,Middle Govi
MN,14,OEmnoegovi
MN,15,OEvoerhangay
MN,25,Orhon
MN,16,Selenge Province
MN,17,Suhbaatar
MN,20,Ulaanbaatar
MN,19,Uvs Province
MO,11875159,Our Lady of Carmo
MO,11875161,Saint Francis Xavier
MP,110,Saipan
MP,120,Tinian
MQ,MQ,Martinique
MR,07,Adrar
MR,03,Assaba
MR,05,Brakna
MR,08,Dakhlet Nouadhibou
MR,04,Gorgol
MR,10,Guidimaka
MR,01,Hodh Ech Chargi
MR,02,Hodh El Gharbi
MR,12,Inchiri
MR,14,Nouakchott North
MR,15,Nouakchott South
MR,13,Nouakchott West
MR,09,Tagant
MR,11,Tiris Zemmour
MR,06,Trarza
MS,01,Saint Anthony
MS,03,Saint Peter
MT,01,Attard
MT,02,Balzan
MT,04,Birkirkara
MT,05,Birzebbuga
MT,06,Bormla
MT,07,Dingli
MT,09,Floriana
MT,11,Ghajnsielem
MT,13,Hal Gharghur
MT,15,Hal Ghaxaq
MT,64,Haz-Zabbar
MT,65,Haz-Zebbug
MT,03,Il-Birgu
MT,08,Il-Fgura
MT,10,Il-Fontana
MT,16,Il-Gudja
MT,17,Il-Gzira
MT,18,Il-Hamrun
MT,26,Il-Kalkara
MT,31,Il-Marsa
MT,34,Il-Mellieha
MT,35,Il-Mosta
MT,36,Il-Munxar
MT,44,Il-Qrendi
MT,37,In-Nadur
MT,38,In-Naxxar
MT,45,Ir-Rabat
MT,55,Is-Siggiewi
MT,57,Is-Swieqi
MT,61,Ix-Xaghra
MT,62,Ix-Xewkija
MT,63,Ix-Xghajra
MT,66,Iz-Zebbug
MT,67,Iz-Zejtun
MT,68,Iz-Zurrieq
MT,28,Kirkop
MT,12,L-Gharb
MT,19,L-Iklin
MT,20,L-Imdina
MT,21,L-Imgarr
MT,22,L-Imqabba
MT,23,L-Imsida
MT,29,Lija
MT,30,Luqa
MT,32,Marsaskala
MT,33,Marsaxlokk
MT,24,Mtarfa
MT,39,Paola
MT,40,Pembroke
MT,43,Qormi
MT,47,Safi
MT,48,Saint John
MT,49,Saint Julian
MT,50,Saint Lawrence
MT,52,Saint Paul's Bay
MT,53,Saint Venera
MT,54,Sannat
MT,25,Senglea
MT,27,Ta' Kercem
MT,59,Ta' Xbiex
MT,41,Tal-Pieta
MT,58,Tarxien
MT,56,Tas-Sliema
MT,60,Valletta
MT,46,Victoria
MU,21,Agalega Islands
MU,12,Black River
MU,22,Cargados Carajos
MU,13,Flacq
MU,14,Grand Port
MU,15,Moka
MU,16,Pamplemousses
MU,17,Plaines Wilhems
MU,18,Port Louis
MU,19,Riviere du Rempart
MU,23,Rodrigues
MU,20,Savanne
MV,31,Baa Atholhu
MV,32,Dhaalu Atholhu
MV,39,Faadhippolhu Atoll
MV,33,Faafu Atholhu
MV,34,Gaafu Alif Atoll
MV,35,Gaafu Dhaalu Atoll
MV,42,Gnyaviyani Atoll
MV,36,Haa Alifu Atholhu
MV,37,Haa Dhaalu Atholhu
MV,38,Kaafu Atoll
MV,05,Laamu
MV,41,Meemu Atholhu
MV,43,Noonu Atoll
MV,44,Raa Atoll
MV,01,Seenu
MV,45,Shaviyani Atholhu
MV,10346475,Southern Ari Atoll
MV,46,Thaa Atholhu
MV,47,Vaavu Atholhu
MW,C,Central Region
MW,N,Northern Region
MW,S,Southern Region
MX,01,Aguascalientes
MX,02,Baja California
MX,03,Baja California Sur
MX,04,Campeche
MX,05,Chiapas
MX,06,Chihuahua
MX,07,Coahuila
MX,08,Colima
MX,10,Durango
MX,11,Guanajuato
MX,12,Guerrero
MX,13,Hidalgo
MX,14,Jalisco
MX,15,Mexico
MX,09,Mexico City
MX,16,Michoacan
MX,17,Morelos
MX,18,Nayarit
MX,19,Nuevo Leon
MX,20,Oaxaca
MX,21,Puebla
MX,22,Queretaro
MX,23,Quintana Roo
MX,24,San Luis Potosi
MX,25,Sinaloa
MX,26,Sonora
MX,27,Tabasco
MX,28,Tamaulipas
MX,29,Tlaxcala
MX,30,Veracruz
MX,31,Yucatan
MX,32,Zacatecas
MY,01,Johor
MY,02,Kedah
MY,03,Kelantan
MY,14,Kuala Lumpur
MY,15,Labuan
MY,04,Melaka
MY,05,Negeri Sembilan
MY,06,Pahang
MY,09,Penang
MY,07,Perak
MY,08,Perlis
MY,17,Putrajaya
MY,16,Sabah
MY,11,Sarawak
MY,12,Selangor
MY,13,Terengganu
MZ,01,Cabo Delgado Province
MZ,02,Gaza Province
MZ,03,Inhambane Province
MZ,10,Manica
MZ,11,Maputo City
MZ,04,Maputo Province
MZ,06,Nampula
MZ,07,Niassa Province
MZ,05,Sofala
MZ,08,Tete
MZ,09,Zambezia Province
NA,29,Erongo Region
NA,30,Hardap Region
NA,31,Karas Region
NA,40,Kavango East
NA,41,Kavango West
NA,21,Khomas Region
NA,32,Kunene Region
NA,33,Ohangwena Region
NA,35,Omaheke Region
NA,36,Omusati Region
NA,37,Oshana Region
NA,38,Oshikoto Region
NA,39,Otjozondjupa Region
NA,28,Zambezi Region
NC,03,Loyalty Islands
NC,01,North Province
NC,02,South Province
NE,01,Agadez
NE,02,Diffa
NE,03,Dosso Region
NE,04,Maradi Region
NE,08,Niamey
NE,06,Tahoua Region
NE,09,Tillaberi Region
NE,07,Zinder Region
NG,45,Abia State
NG,35,Adamawa
NG,21,Akwa Ibom State
NG,25,Anambra
NG,46,Bauchi
NG,52,Bayelsa State
NG,26,Benue State
NG,27,Borno State
NG,22,Cross River State
NG,36,Delta
NG,53,Ebonyi State
NG,37,Edo State
NG,54,Ekiti State
NG,47,Enugu State
NG,11,FCT
NG,55,Gombe State
NG,28,Imo State
NG,39,Jigawa State
NG,23,Kaduna State
NG,29,Kano State
NG,24,Katsina State
NG,40,Kebbi
NG,41,Kogi State
NG,30,Kwara State
NG,05,Lagos
NG,56,Nasarawa State
NG,31,Niger State
NG,16,Ogun State
NG,48,Ondo State
NG,42,Osun State
NG,32,Oyo State
NG,49,Plateau State
NG,50,Rivers State
NG,51,Sokoto
NG,43,Taraba State
NG,44,Yobe State
NG,57,Zamfara State
NI,01,Boaco Department
NI,02,Carazo Department
NI,03,Chinandega Department
NI,04,Chontales Department
NI,05,Esteli Department
NI,06,Granada Department
NI,07,Jinotega Department
NI,08,Leon Department
NI,09,Madriz Department
NI,10,Managua Department
NI,11,Masaya Department
NI,12,Matagalpa Department
NI,17,North Caribbean Coast
NI,13,Nueva Segovia Department
NI,14,Rio San Juan Department
NI,15,Rivas Department
NI,18,South Caribbean Coast
NL,01,Drenthe
NL,16,Flevoland
NL,02,Friesland
NL,03,Gelderland
NL,04,Groningen
NL,05,Limburg
NL,06,North Brabant
NL,07,North Holland
NL,15,Overijssel
NL,11,South Holland
NL,09,Utrecht
NL,10,Zeeland
NO,42,Agder
NO,01,Akershus
NO,04,Buskerud
NO,05,Finnmark
NO,34,Innlandet
NO,08,More og Romsdal
NO,09,Nordland
NO,12,Oslo
NO,13,Ostfold
NO,14,Rogaland
NO,17,Telemark
NO,18,Troms
NO,21,Trondelag
NO,20,Vestfold
NO,46,Vestland
NP,3,Bagmati Province
NP,4,Gandaki Pradesh
NP,6,Karnali Pradesh
NP,1,Koshi
NP,5,Lumbini Province
NP,2,Madhesh
NP,7,Sudurpashchim Pradesh
NR,01,Aiwo District
NR,02,Anabar District
NR,04,Anibare District
NR,05,Baiti District
NR,10,Ijuw District
NR,13,Uaboe District
NR,14,Yaren District
NZ,E7,Auckland
NZ,E8,Bay of Plenty
NZ,E9,Canterbury
NZ,10,Chatham Islands
NZ,F1,Gisborne
NZ,F2,Hawke's Bay Region
NZ,F3,Manawatu-Wanganui
NZ,F4,Marlborough
NZ,F5,Nelson Region
NZ,F6,Northland
NZ,F7,Otago
NZ,F8,Southland
NZ,F9,Taranaki Region
NZ,TAS,Tasman District
NZ,G1,Waikato Region
NZ,G2,Wellington Region
NZ,G3,West Coast
OM,01,Ad Dakhiliyah
OM,09,Ad Dhahirah
OM,11,Al Batinah North
OM,02,Al Batinah South
OM,10,Al Buraimi
OM,03,Al Wusta Governorate
OM,08,Dhofar
OM,07,Musandam Governorate
OM,06,Muscat
OM,12,Northeastern Governorate
OM,04,Southeastern Governorate
PA,01,Bocas del Toro Province
PA,02,Chiriqui Province
PA,03,Cocle
PA,04,Colon
PA,05,Darien
PA,11,Embera
PA,09,Guna Yala
PA,06,Herrera Province
PA,07,Los Santos Province
PA,12,Ngoebe-Bugle Comarca
PA,08,Panama
PA,13,Panama Oeste Province
PA,10,Veraguas Province
PE,01,Amazonas
PE,02,Ancash
PE,03,Apurimac Department
PE,04,Arequipa
PE,05,Ayacucho
PE,06,Cajamarca Department
PE,07,Callao
PE,08,Cuzco Department
PE,09,Huancavelica
PE,10,Huanuco Department
PE,11,Ica
PE,12,Junin
PE,13,La Libertad
PE,14,Lambayeque
PE,LMA,Lima Province
PE,15,Lima region
PE,16,Loreto
PE,17,Madre de Dios
PE,18,Moquegua Department
PE,19,Pasco
PE,20,Piura
PE,21,Puno
PE,22,San Martin Department
PE,23,Tacna
PE,24,Tumbes
PE,25,Ucayali
PF,05,Austral Islands
PF,01,Iles du Vent
PF,02,Leeward Islands
PF,04,Marquesas Islands
PG,07,Bougainville
PG,08,Chimbu Province
PG,10,East New Britain Province
PG,11,East Sepik Province
PG,09,Eastern Highlands Province
PG,19,Enga Province
PG,02,Gulf Province
PG,21,Hela Province
PG,22,Jiwaka Province
PG,12,Madang Province
PG,13,Manus Province
PG,03,Milne Bay Province
PG,14,Morobe Province
PG,20,National Capital
PG,15,New Ireland
PG,04,Oro Province
PG,18,Sandaun Province
PG,05,Southern Highlands Province
PG,17,West New Britain Province
PG,16,Western Highlands Province
PG,06,Western Province
PH,14,Autonomous Region in Muslim Mindanao
PH,05,Bicol Region
PH,02,Cagayan Valley
PH,40,Calabarzon
PH,13,Caraga
PH,03,Central Luzon
PH,07,Central Visayas
PH,15,Cordillera
PH,11,Davao Region
PH,08,Eastern Visayas
PH,01,Ilocos
PH,41,Mimaropa
PH,NCR,National Capital Region
PH,10,Northern Mindanao
PH,12,Soccsksargen
PH,06,Western Visayas
PH,09,Zamboanga Peninsula
PK,06,Azad Kashmir
PK,02,Balochistan
PK,07,Gilgit-Baltistan
PK,08,Islamabad
PK,03,Khyber Pakhtunkhwa
PK,04,Punjab
PK,05,Sindh
PL,86,Greater Poland
PL,73,Kujawsko-Pomorskie
PL,77,Lesser Poland
PL,74,Lodz Voivodeship
PL,72,Lower Silesia
PL,75,Lublin
PL,76,Lubusz
PL,78,Mazovia
PL,79,Opole Voivodeship
PL,81,Podlasie
PL,82,Pomerania
PL,83,Silesia
PL,80,Subcarpathia
PL,84,Swietokrzyskie
PL,85,Warmia-Masuria
PL,87,West Pomerania
PM,97501,Miquelon-Langlade
PM,97502,Saint-Pierre
PR,001,Adjuntas
PR,003,Aguada
PR,005,Aguadilla
PR,007,Aguas Buenas
PR,009,Aibonito
PR,011,Anasco
PR,013,Arecibo
PR,015,Arroyo
PR,017,Barceloneta
PR,019,Barranquitas
PR,021,Bayamon
PR,023,Cabo Rojo
PR,025,Caguas
PR,027,Camuy
PR,029,Canovanas
PR,031,Carolina
PR,033,Catano
PR,035,Cayey
PR,037,Ceiba
PR,039,Ciales
PR,041,Cidra
PR,043,Coamo
PR,045,Comerio
PR,047,Corozal
PR,049,Culebra
PR,051,Dorado
PR,053,Fajardo
PR,054,Florida
PR,055,Guanica
PR,057,Guayama
PR,059,Guayanilla
PR,061,Guaynabo
PR,063,Gurabo
PR,065,Hatillo
PR,067,Hormigueros
PR,069,Humacao
PR,071,Isabela
PR,073,Jayuya
PR,075,Juana Diaz
PR,077,Juncos
PR,079,Lajas
PR,081,Lares
PR,083,Las Marias
PR,085,Las Piedras
PR,087,Loiza
PR,089,Luquillo
PR,091,Manati
PR,093,Maricao
PR,095,Maunabo
PR,097,Mayagueez
PR,099,Moca
PR,101,Morovis
PR,103,Naguabo
PR,105,Naranjito
PR,107,Orocovis
PR,109,Patillas
PR,111,Penuelas
PR,113,Ponce
PR,115,Quebradillas
PR,117,Rincon
PR,119,Rio Grande
PR,121,Sabana Grande
PR,123,Salinas
PR,125,San German
PR,127,San Juan
PR,129,San Lorenzo
PR,131,San Sebastian
PR,133,Santa Isabel
PR,135,Toa Alta
PR,137,Toa Baja
PR,139,Trujillo Alto
PR,141,Utuado
PR,143,Vega Alta
PR,145,Vega Baja
PR,147,Vieques
PR,149,Villalba
PR,151,Yabucoa
PR,153,Yauco
PS,GZ,Gaza Strip
PS,WE,West Bank
PT,02,Aveiro
PT,23,Azores
PT,03,Beja
PT,04,Braga
PT,05,Braganca
PT,06,Castelo Branco
PT,07,Coimbra
PT,08,Evora
PT,09,Faro
PT,11,Guarda
PT,13,Leiria
PT,14,Lisbon
PT,10,Madeira
PT,16,Portalegre
PT,17,Porto
PT,18,Santarem
PT,19,Setubal
PT,20,Viana do Castelo
PT,21,Vila Real
PT,22,Viseu
PW,01,Aimeliik
PW,02,Airai
PW,03,Angaur
PW,04,Hatohobei
PW,05,Kayangel
PW,06,Koror
PW,07,Melekeok
PW,08,Ngaraard
PW,09,Ngarchelong
PW,10,Ngardmau
PW,11,Ngatpang
PW,12,Ngchesar
PW,13,Ngeremlengui
PW,14,Ngiwal
PW,15,Peleliu
PW,16,Sonsorol
PY,23,Alto Paraguay
PY,01,Alto Parana Department
PY,02,Amambay Department
PY,22,Asuncion
PY,24,Boqueron Department
PY,04,Caaguazu Department
PY,05,Caazapa
PY,19,Canindeyu
PY,06,Central Department
PY,07,Concepcion
PY,08,Cordillera Department
PY,10,Guaira
PY,11,Itapua
PY,12,Misiones Department
PY,13,Neembucu Department
PY,15,Paraguari
PY,16,Presidente Hayes
PY,17,San Pedro Department
QA,13,Al Daayen
QA,04,Al Khor
QA,10,Al Wakrah
QA,14,Al-Shahaniya
QA,01,Baladiyat ad Dawhah
QA,06,Baladiyat ar Rayyan
QA,08,Madinat ash Shamal
QA,09,Umm Salal
RE,RE,Reunion
RO,01,Alba County
RO,02,Arad County
RO,03,Arges
RO,04,Bacau County
RO,05,Bihor County
RO,06,Bistrita-Nasaud County
RO,07,Botosani County
RO,08,Braila County
RO,09,Brasov County
RO,10,Bucharest
RO,11,Buzau County
RO,41,Calarasi County
RO,12,Caras-Severin County
RO,13,Cluj County
RO,14,Constanta County
RO,15,Covasna County
RO,16,Dambovita County
RO,17,Dolj
RO,18,Galati County
RO,42,Giurgiu County
RO,19,Gorj County
RO,20,Harghita County
RO,21,Hunedoara County
RO,22,Ialomita County
RO,23,Iasi County
RO,43,Ilfov
RO,25,Maramures
RO,26,Mehedinti County
RO,27,Mures County
RO,28,Neamt County
RO,29,Olt
RO,30,Prahova
RO,31,Salaj County
RO,32,Satu Mare County
RO,33,Sibiu County
RO,34,Suceava
RO,35,Teleorman County
RO,36,Timis County
RO,37,Tulcea County
RO,39,Valcea County
RO,38,Vaslui County
RO,40,Vrancea
RS,SE,Central Serbia
RS,VO,Vojvodina
RU,01,Adygeya Republic
RU,03,Altai
RU,04,Altai Krai
RU,05,Amur Oblast
RU,06,Arkhangelskaya
RU,07,Astrakhan Oblast
RU,08,Bashkortostan Republic
RU,09,Belgorod Oblast
RU,10,Bryansk Oblast
RU,11,Buryatiya Republic
RU,12,Chechnya
RU,13,Chelyabinsk
RU,15,Chukotka
RU,16,Chuvash Republic
RU,17,Dagestan
RU,19,Ingushetiya Republic
RU,20,Irkutsk Oblast
RU,21,Ivanovo Oblast
RU,89,Jewish Autonomous Oblast
RU,22,Kabardino-Balkariya Republic
RU,23,Kaliningrad Oblast
RU,24,Kalmykiya Republic
RU,25,Kaluga Oblast
RU,92,Kamchatka
RU,27,Karachayevo-Cherkesiya Republic
RU,28,Karelia
RU,30,Khabarovsk
RU,31,Khakasiya Republic
RU,32,Khanty-Mansia
RU,33,Kirov Oblast
RU,34,Komi
RU,37,Kostroma Oblast
RU,38,Krasnodar Krai
RU,91,Krasnoyarsk Krai
RU,40,Kurgan Oblast
RU,41,Kursk Oblast
RU,29,Kuzbass
RU,42,Leningradskaya Oblast'
RU,43,Lipetsk Oblast
RU,44,Magadan Oblast
RU,45,Mariy-El Republic
RU,46,Mordoviya Republic
RU,48,Moscow
RU,47,Moscow Oblast
RU,49,Murmansk
RU,50,Nenets
RU,51,Nizhny Novgorod Oblast
RU,68,North Ossetia-Alania
RU,52,Novgorod Oblast
RU,53,Novosibirsk Oblast
RU,54,Omsk Oblast
RU,55,Orenburg Oblast
RU,56,Oryol oblast
RU,57,Penza Oblast
RU,90,Perm Krai
RU,59,Primorye
RU,60,Pskov Oblast
RU,79,Republic of Tyva
RU,61,Rostov
RU,62,Ryazan Oblast
RU,63,Sakha
RU,64,Sakhalin Oblast
RU,65,Samara Oblast
RU,67,Saratov Oblast
RU,69,Smolensk Oblast
RU,66,St.-Petersburg
RU,70,Stavropol Kray
RU,71,Sverdlovsk Oblast
RU,72,Tambov Oblast
RU,73,Tatarstan Republic
RU,75,Tomsk Oblast
RU,76,Tula Oblast
RU,77,Tver Oblast
RU,78,Tyumen Oblast
RU,80,Udmurtiya Republic
RU,81,Ulyanovsk
RU,83,Vladimir Oblast
RU,84,Volgograd Oblast
RU,85,Vologda Oblast
RU,86,Voronezh Oblast
RU,87,Yamalo-Nenets
RU,88,Yaroslavl Oblast
RU,93,Zabaykalskiy (Transbaikal) Kray
RW,11,Eastern Province
RW,12,Kigali
RW,13,Northern Province
RW,15,Southern Province
RW,14,Western Province
SA,11,'Asir Region
SA,02,Al Bahah Region
SA,20,Al Jawf Region
SA,08,Al-Qassim Region
SA,06,Eastern Province
SA,13,Ha'il Region
SA,17,Jazan Region
SA,14,Mecca Region
SA,05,Medina Region
SA,16,Najran Region
SA,15,Northern Borders Region
SA,10,Riyadh Region
SA,19,Tabuk Region
SB,10,Central Province
SB,12,Choiseul Province
SB,06,Guadalcanal Province
SB,14,Honiara
SB,07,Isabel Province
SB,08,Makira-Ulawa Province
SB,03,Malaita Province
SB,09,Temotu Province
SB,11,Western Province
SC,02,Anse Boileau
SC,05,Anse Royale
SC,07,Baie Sainte Anne
SC,08,Beau Vallon
SC,10,Bel Ombre
SC,11,Cascade
SC,25,La Digue and Inner Islands
SC,26,La Riviere Anglaise
SC,27,Port Glaud
SC,23,Takamaka
SD,38,Al Jazirah
SD,39,Al Qadarif
SD,42,Blue Nile
SD,61,Central Darfur
SD,60,Eastern Darfur
SD,52,Kassala
SD,29,Khartoum
SD,56,North Kordofan
SD,55,Northern Darfur
SD,43,Northern State
SD,36,Red Sea
SD,53,River Nile
SD,58,Sennar
SD,49,Southern Darfur
SD,50,Southern Kordofan
SD,62,West Kordofan
SD,47,Western Darfur
SD,41,White Nile
SE,02,Blekinge
SE,10,Dalarna
SE,03,Gaevleborg
SE,05,Gotland
SE,06,Halland
SE,07,Jaemtland
SE,08,Joenkoeping
SE,09,Kalmar
SE,12,Kronoberg
SE,14,Norrbotten
SE,15,OErebro
SE,16,OEstergoetland
SE,27,Skane
SE,18,Soedermanland
SE,26,Stockholm
SE,21,Uppsala
SE,22,Vaermland
SE,23,Vaesterbotten
SE,24,Vaesternorrland
SE,25,Vaestmanland
SE,28,Vaestra Goetaland
SH,01,Ascension
SH,02,Saint Helena
SH,03,Tristan da Cunha
SI,G1,Destrnik
SI,G3,Dobrna
SI,22,Dol pri Ljubljani
SI,G6,Dolenjske Toplice
SI,O2,Gorje
SI,G8,Grad
SI,G9,Hajdina
SI,H8,Komenda
SI,61,Ljubljana
SI,I6,Ljutomer
SI,O4,Log-Dragomer
SI,64,Logatec
SI,68,Lukovica
SI,01,Municipality of Ajdovscina
SI,P9,Municipality of Ankaran
SI,N9,Municipality of Apace
SI,02,Municipality of Beltinci
SI,F4,Municipality of Benedikt
SI,F5,Municipality of Bistrica ob Sotli
SI,03,Municipality of Bled
SI,F6,Municipality of Bloke
SI,04,Municipality of Bohinj
SI,05,Municipality of Borovnica
SI,06,Municipality of Bovec
SI,F7,Municipality of Braslovce
SI,07,Municipality of Brda
SI,08,Municipality of Brezice
SI,09,Municipality of Brezovica
SI,F8,Municipality of Cankova
SI,12,Municipality of Cerklje na Gorenjskem
SI,13,Municipality of Cerknica
SI,14,Municipality of Cerkno
SI,F9,Municipality of Cerkvenjak
SI,O1,Municipality of Cirkulane
SI,15,Municipality of Crensovci
SI,16,Municipality of Crna na Koroskem
SI,17,Municipality of Crnomelj
SI,19,Municipality of Divaca
SI,G2,Municipality of Dobje
SI,20,Municipality of Dobrepolje
SI,G4,Municipality of Dobrova-Polhov Gradec
SI,G5,Municipality of Dobrovnik
SI,G7,Municipality of Domzale
SI,24,Municipality of Dornava
SI,25,Municipality of Dravograd
SI,26,Municipality of Duplek
SI,27,Municipality of Gorenja Vas-Poljane
SI,28,Municipality of Gorisnica
SI,29,Municipality of Gornja Radgona
SI,30,Municipality of Gornji Grad
SI,31,Municipality of Gornji Petrovci
SI,32,Municipality of Grosuplje
SI,H1,Municipality of Hoce-Slivnica
SI,H2,Municipality of Hodos
SI,H3,Municipality of Horjul
SI,34,Municipality of Hrastnik
SI,35,Municipality of Hrpelje-Kozina
SI,36,Municipality of Idrija
SI,37,Municipality of Ig
SI,38,Municipality of Ilirska Bistrica
SI,39,Municipality of Ivancna Gorica
SI,40,Municipality of Izola
SI,H4,Municipality of Jesenice
SI,H5,Municipality of Jezersko
SI,42,Municipality of Jursinci
SI,H6,Municipality of Kamnik
SI,44,Municipality of Kanal ob Soci
SI,45,Municipality of Kidricevo
SI,46,Municipality of Kobarid
SI,47,Municipality of Kobilje
SI,H7,Municipality of Kocevje
SI,49,Municipality of Komen
SI,O3,Municipality of Kostanjevica na Krki
SI,H9,Municipality of Kostel
SI,51,Municipality of Kozje
SI,53,Municipality of Kranjska Gora
SI,I1,Municipality of Krizevci
SI,55,Municipality of Kungota
SI,I2,Municipality of Kuzma
SI,57,Municipality of Lasko
SI,I3,Municipality of Lenart
SI,I4,Municipality of Lendava
SI,I5,Municipality of Litija
SI,62,Municipality of Ljubno
SI,I7,Municipality of Loska Dolina
SI,66,Municipality of Loski Potok
SI,I8,Municipality of Lovrenc na Pohorju
SI,I9,Municipality of Luce
SI,J1,Municipality of Majsperk
SI,O5,Municipality of Makole
SI,J3,Municipality of Markovci
SI,71,Municipality of Medvode
SI,72,Municipality of Menges
SI,73,Municipality of Metlika
SI,74,Municipality of Mezica
SI,J4,Municipality of Miklavz na Dravskem Polju
SI,J5,Municipality of Miren-Kostanjevica
SI,O6,Municipality of Mirna
SI,J6,Municipality of Mirna Pec
SI,76,Municipality of Mislinja
SI,O7,Municipality of Mokronog-Trebelno
SI,77,Municipality of Moravce
SI,78,Municipality of Moravske Toplice
SI,79,Municipality of Mozirje
SI,81,Municipality of Muta
SI,82,Municipality of Naklo
SI,83,Municipality of Nazarje
SI,86,Municipality of Odranci
SI,J8,Municipality of Oplotnica
SI,87,Municipality of Ormoz
SI,88,Municipality of Osilnica
SI,J9,Municipality of Piran
SI,92,Municipality of Podcetrtek
SI,K1,Municipality of Podlehnik
SI,K2,Municipality of Podvelka
SI,O8,Municipality of Poljcane
SI,K3,Municipality of Polzela
SI,94,Municipality of Postojna
SI,K5,Municipality of Preddvor
SI,K6,Municipality of Prevalje
SI,97,Municipality of Puconci
SI,98,Municipality of Race-Fram
SI,99,Municipality of Radece
SI,A1,Municipality of Radenci
SI,A2,Municipality of Radlje ob Dravi
SI,K8,Municipality of Ravne na Koroskem
SI,K9,Municipality of Razkrizje
SI,O9,Municipality of Recica ob Savinji
SI,P1,Municipality of Rence-Vogrsko
SI,L1,Municipality of Ribnica
SI,L2,Municipality of Ribnica na Pohorju
SI,A7,Municipality of Rogaska Slatina
SI,A6,Municipality of Rogasovci
SI,A8,Municipality of Rogatec
SI,L3,Municipality of Ruse
SI,L4,Municipality of Salovci
SI,L5,Municipality of Selnica ob Dravi
SI,B1,Municipality of Semic
SI,L6,Municipality of Sempeter-Vrtojba
SI,B2,Municipality of Sencur
SI,B3,Municipality of Sentilj
SI,B4,Municipality of Sentjernej
SI,P2,Municipality of Sentrupert
SI,B6,Municipality of Sevnica
SI,B7,Municipality of Sezana
SI,B8,Municipality of Skocjan
SI,C1,Municipality of Skofljica
SI,L8,Municipality of Slovenska Bistrica
SI,C4,Municipality of Slovenske Konjice
SI,C5,Municipality of Smarje pri Jelsah
SI,P3,Municipality of Smarjeske Toplice
SI,C6,Municipality of Smartno ob Paki
SI,L9,Municipality of Smartno pri Litiji
SI,M1,Municipality of Sodrazica
SI,M2,Municipality of Solcava
SI,C7,Municipality of Sostanj
SI,P4,Municipality of Sredisce ob Dravi
SI,C8,Municipality of Starse
SI,C9,Municipality of Store
SI,P5,Municipality of Straza
SI,M3,Municipality of Sveta Ana
SI,P6,Municipality of Sveta Trojica v Slovenskih Goricah
SI,M4,Municipality of Sveti Andraz v Slovenskih Goricah
SI,D1,Municipality of Sveti Jurij ob Scavnici
SI,P7,Municipality of Sveti Jurij v Slovenskih Goricah
SI,P8,Municipality of Sveti Tomaz
SI,M5,Municipality of Tabor
SI,M6,Municipality of Tisina
SI,D2,Municipality of Tolmin
SI,D3,Municipality of Trbovlje
SI,M7,Municipality of Trnovska Vas
SI,D5,Municipality of Trzic
SI,M8,Municipality of Trzin
SI,D6,Municipality of Turnisce
SI,M9,Municipality of Velika Polana
SI,D8,Municipality of Velike Lasce
SI,N1,Municipality of Verzej
SI,N2,Municipality of Videm
SI,E1,Municipality of Vipava
SI,E2,Municipality of Vitanje
SI,E3,Municipality of Vodice
SI,N3,Municipality of Vojnik
SI,N4,Municipality of Vransko
SI,E5,Municipality of Vrhnika
SI,E6,Municipality of Vuzenica
SI,E7,Municipality of Zagorje ob Savi
SI,N5,Municipality of Zalec
SI,E9,Municipality of Zavrc
SI,F1,Municipality of Zelezniki
SI,N6,Municipality of Zetale
SI,F2,Municipality of Ziri
SI,N7,Municipality of Zirovnica
SI,F3,Municipality of Zrece
SI,N8,Municipality of Zuzemberk
SI,89,Pesnica
SI,91,Pivka
SI,K4,Prebold
SI,A3,Radovljica
SI,L7,Sentjur
SI,B9,Skofja Loka
SI,D4,Trebnje
SI,11,Urban Municipality of Celje
SI,50,Urban Municipality of Koper
SI,52,Urban Municipality of Kranj
SI,54,Urban Municipality of Krsko
SI,J2,Urban Municipality of Maribor
SI,80,Urban Municipality of Murska Sobota
SI,84,Urban Municipality of Nova Gorica
SI,J7,Urban Municipality of Novo Mesto
SI,K7,Urban Municipality of Ptuj
SI,C2,Urban Municipality of Slovenj Gradec
SI,D7,Urban Municipality of Velenje
SJ,22,Jan Mayen
SJ,21,Svalbard
SK,01,Banska Bystrica Region
SK,02,Bratislava Region
SK,03,Kosice Region
SK,04,Nitra Region
SK,05,Presov Region
SK,06,Trencin Region
SK,07,Trnava Region
SK,08,Zilina Region
SL,01,Eastern Province
SL,05,North West
SL,02,Northern Province
SL,03,Southern Province
SL,04,Western Area
SM,01,Acquaviva
SM,06,Borgo Maggiore
SM,02,Chiesanuova
SM,03,Domagnano
SM,04,Faetano
SM,05,Fiorentino
SM,08,Montegiardino
SM,07,San Marino
SM,09,Serravalle
SN,01,Dakar
SN,03,Diourbel Region
SN,09,Fatick
SN,16,Kaffrine
SN,10,Kaolack
SN,17,Kedougou
SN,11,Kolda
SN,13,Louga
SN,15,Matam
SN,14,Saint-Louis
SN,18,Sedhiou
SN,05,Tambacounda
SN,07,Thies
SN,12,Ziguinchor
SO,21,Awdal
SO,01,Bakool
SO,02,Banaadir
SO,03,Bari
SO,04,Bay
SO,05,Galguduud
SO,06,Gedo
SO,07,Hiiraan
SO,09,Lower Juba
SO,14,Lower Shabeelle
SO,08,Middle Juba
SO,13,Middle Shabele
SO,10,Mudug
SO,18,Nugaal
SO,12,Sanaag
SO,22,Sool
SO,19,Togdheer
SO,20,Woqooyi Galbeed
SR,10,Brokopondo District
SR,11,Commewijne District
SR,12,Coronie District
SR,13,Marowijne District
SR,14,Nickerie District
SR,15,Para District
SR,16,Paramaribo District
SR,17,Saramacca District
SR,19,Wanica District
SS,01,Central Equatoria
SS,02,Eastern Equatoria
SS,03,Jonglei
SS,04,Lakes
SS,05,Northern Bahr al Ghazal
SS,06,Unity
SS,07,Upper Nile
SS,08,Warrap
SS,09,Western Bahr al Ghazal
SS,10,Western Equatoria
ST,01,Principe
ST,02,Sao Tome Island
SV,01,Ahuachapan
SV,02,Cabanas
SV,03,Chalatenango Department
SV,04,Cuscatlan
SV,05,La Libertad Department
SV,06,La Paz Department
SV,07,La Union
SV,08,Morazan
SV,09,San Miguel Department
SV,10,San Salvador Department
SV,12,San Vicente Department
SV,11,Santa Ana Department
SV,13,Sonsonate Department
SV,14,Usulutan
SY,01,Al-Hasakah
SY,09,Aleppo
SY,13,Damascus Governorate
SY,06,Daraa
SY,07,Deir ez-Zor
SY,10,Hama
SY,11,Homs
SY,12,Idlib
SY,02,Latakia
SY,03,Quneitra
SY,04,Raqqa
SY,08,Rif-dimashq
SY,05,Suwayda
SY,14,Tartus
SZ,01,Hhohho Region
SZ,02,Lubombo Region
SZ,03,Manzini Region
SZ,04,Shiselweni
TD,22,Barh el Gazel
TD,01,Batha
TD,23,Borkou
TD,15,Chari-Baguirmi
TD,27,Ennedi-Est
TD,28,Ennedi-Ouest
TD,05,Guera
TD,18,Hadjer-Lamis
TD,06,Kanem
TD,07,Lac
TD,08,Logone Occidental
TD,09,Logone Oriental
TD,19,Mandoul
TD,16,Mayo-Kebbi Est
TD,20,Mayo-Kebbi Ouest
TD,17,Moyen-Chari
TD,21,N'Djamena
TD,12,Ouadai
TD,13,Salamat
TD,25,Sila
TD,14,Tandjile
TD,26,Tibesti
TD,02,Wadi Fira
TF,03,Kerguelen
TG,22,Centrale
TG,23,Kara
TG,24,Maritime
TG,25,Plateaux
TG,26,Savanes
TH,77,Amnat Charoen
TH,35,Ang Thong
TH,40,Bangkok
TH,81,Bueng Kan
TH,28,Buriram
TH,44,Chachoengsao
TH,32,Chai Nat
TH,26,Chaiyaphum
TH,48,Chanthaburi
TH,02,Chiang Mai
TH,03,Chiang Rai
TH,46,Chon Buri
TH,58,Chumphon
TH,23,Kalasin
TH,11,Kamphaeng Phet
TH,50,Kanchanaburi
TH,22,Khon Kaen
TH,63,Krabi
TH,06,Lampang
TH,05,Lamphun
TH,18,Loei
TH,34,Lopburi
TH,01,Mae Hong Son
TH,24,Maha Sarakham
TH,78,Mukdahan
TH,43,Nakhon Nayok
TH,53,Nakhon Pathom
TH,73,Nakhon Phanom
TH,27,Nakhon Ratchasima
TH,16,Nakhon Sawan
TH,64,Nakhon Si Thammarat
TH,04,Nan
TH,31,Narathiwat
TH,79,Nong Bua Lamphu
TH,17,Nong Khai
TH,38,Nonthaburi
TH,39,Pathum Thani
TH,69,Pattani
TH,61,Phang Nga
TH,66,Phatthalung
TH,41,Phayao
TH,14,Phetchabun
TH,56,Phetchaburi
TH,13,Phichit
TH,12,Phitsanulok
TH,36,Phra Nakhon Si Ayutthaya
TH,07,Phrae
TH,62,Phuket
TH,74,Prachin Buri
TH,57,Prachuap Khiri Khan
TH,59,Ranong province
TH,52,Ratchaburi
TH,47,Rayong
TH,25,Roi Et
TH,80,Sa Kaeo
TH,20,Sakon Nakhon
TH,42,Samut Prakan
TH,55,Samut Sakhon
TH,54,Samut Songkhram
TH,37,Saraburi
TH,67,Satun
TH,30,Si Sa Ket
TH,33,Sing Buri
TH,68,Songkhla
TH,09,Sukhothai
TH,51,Suphan Buri
TH,60,Surat Thani
TH,29,Surin
TH,08,Tak
TH,65,Trang
TH,49,Trat
TH,75,Ubon Ratchathani
TH,76,Udon Thani
TH,15,Uthai Thani
TH,10,Uttaradit
TH,70,Yala
TH,72,Yasothon
TJ,04,Dushanbe
TJ,01,Gorno-Badakhshan
TJ,02,Khatlon Province
TJ,RR,Republican Subordination
TJ,03,Sughd
TK,A,Atafu
TK,F,Fakaofo
TK,N,Nukunonu
TL,AL,Aileu
TL,AN,Ainaro
TL,BA,Baucau
TL,BO,Bobonaro
TL,CO,Cova Lima
TL,DI,Dili Municipality
TL,ER,Ermera
TL,LA,Lautem
TL,LI,Liquica
TL,MT,Manatuto
TL,MF,Manufahi
TL,OE,Oecusse
TL,VI,Viqueque
TM,01,Ahal
TM,S,Ashgabat
TM,02,Balkan
TM,03,Dasoguz
TM,04,Lebap
TM,05,Mary
TN,38,Ariana Governorate
TN,17,Beja Governorate
TN,27,Ben Arous Governorate
TN,18,Bizerte Governorate
TN,29,Gabes Governorate
TN,30,Gafsa
TN,06,Jendouba Governorate
TN,03,Kairouan
TN,02,Kasserine Governorate
TN,31,Kebili Governorate
TN,14,Kef Governorate
TN,15,Mahdia Governorate
TN,39,Manouba
TN,28,Medenine Governorate
TN,16,Monastir Governorate
TN,19,Nabeul Governorate
TN,32,Sfax Governorate
TN,33,Sidi Bouzid Governorate
TN,22,Siliana Governorate
TN,23,Sousse Governorate
TN,34,Tataouine
TN,35,Tozeur Governorate
TN,36,Tunis Governorate
TN,37,Zaghouan Governorate
TO,EU,'Eua
TO,01,Haapai
TO,NI,Niuas
TO,02,Tongatapu
TO,03,Vavau
TR,81,Adana
TR,02,Adiyaman Province
TR,03,Afyonkarahisar Province
TR,04,Agri
TR,75,Aksaray
TR,05,Amasya
TR,68,Ankara
TR,07,Antalya
TR,86,Ardahan
TR,08,Artvin
TR,09,Aydin
TR,10,Balikesir
TR,87,Bartin
TR,76,Batman
TR,77,Bayburt Province
TR,11,Bilecik
TR,12,Bingoel
TR,13,Bitlis
TR,14,Bolu
TR,15,Burdur
TR,16,Bursa Province
TR,17,Canakkale
TR,82,Cankiri
TR,19,Corum
TR,20,Denizli
TR,21,Diyarbakir Province
TR,93,Duzce
TR,22,Edirne
TR,23,Elazig
TR,24,Erzincan
TR,25,Erzurum
TR,26,Eskisehir
TR,83,Gaziantep
TR,28,Giresun
TR,69,Guemueshane Province
TR,70,Hakkari
TR,31,Hatay
TR,88,Igdir
TR,33,Isparta
TR,34,Istanbul
TR,35,Izmir Province
TR,46,Kahramanmaras
TR,89,Karabuek Province
TR,78,Karaman
TR,84,Kars Province
TR,37,Kastamonu
TR,38,Kayseri
TR,90,Kilis
TR,79,Kirikkale
TR,39,Kirklareli
TR,40,Kirsehir
TR,41,Kocaeli
TR,71,Konya
TR,43,Kuetahya
TR,44,Malatya
TR,45,Manisa
TR,72,Mardin
TR,32,Mersin
TR,48,Mugla
TR,49,Mus
TR,50,Nevsehir Province
TR,73,Nigde Province
TR,52,Ordu
TR,91,Osmaniye
TR,53,Rize Province
TR,54,Sakarya
TR,55,Samsun
TR,63,Sanliurfa
TR,74,Siirt
TR,57,Sinop
TR,80,Sirnak
TR,58,Sivas
TR,59,Tekirdag
TR,60,Tokat Province
TR,61,Trabzon
TR,62,Tunceli
TR,64,Usak
TR,65,Van
TR,92,Yalova
TR,66,Yozgat
TR,85,Zonguldak Province
TT,01,Borough of Arima
TT,CHA,Chaguanas
TT,CTT,Couva-Tabaquite-Talparo
TT,DMN,Diego Martin Regional Corporation
TT,03,Mayaro
TT,PED,Penal/Debe
TT,PTF,Point Fortin
TT,05,Port of Spain
TT,PRT,Princes Town
TT,10,San Fernando
TT,SJL,San Juan/Laventille
TT,SGE,Sangre Grande Regional Corporation
TT,SIP,Siparia Regional Corporation
TT,11,Tobago
TT,TUP,Tunapuna/Piarco
TV,FUN,Funafuti
TV,NMG,Nanumanga
TV,NIT,Niutao
TV,NUI,Nui
TV,NKF,Nukufetau
TV,VAI,Vaitupu
TW,01,Fukien
TW,03,Taipei
TW,04,Taiwan
TW,02,Takao
TZ,26,Arusha
TZ,23,Dar es Salaam Region
TZ,03,Dodoma
TZ,28,Geita
TZ,04,Iringa
TZ,19,Kagera
TZ,29,Katavi
TZ,05,Kigoma
TZ,06,Kilimanjaro
TZ,07,Lindi
TZ,27,Manyara
TZ,08,Mara
TZ,09,Mbeya
TZ,10,Morogoro
TZ,11,Mtwara
TZ,12,Mwanza
TZ,30,Njombe
TZ,13,Pemba North
TZ,20,Pemba South
TZ,02,Pwani
TZ,24,Rukwa
TZ,14,Ruvuma
TZ,15,Shinyanga
TZ,31,Simiyu
TZ,16,Singida
TZ,32,Songwe
TZ,17,Tabora
TZ,18,Tanga
TZ,21,Zanzibar Central/South
TZ,22,Zanzibar North
TZ,25,Zanzibar Urban/West
UA,01,Cherkasy
UA,02,Chernihiv Oblast
UA,03,Chernivtsi
UA,11,Crimea
UA,04,Dnipropetrovsk
UA,05,Donetsk
UA,06,Ivano-Frankivsk
UA,07,Kharkiv
UA,08,Kherson
UA,09,Khmelnytskyi
UA,10,Kirovohrad
UA,12,Kyiv City
UA,13,Kyiv Oblast
UA,14,Luhansk
UA,15,Lviv
UA,16,Mykolaiv
UA,17,Odesa
UA,18,Poltava
UA,19,Rivne Oblast
UA,20,Sevastopol City
UA,21,Sumy
UA,22,Ternopil
UA,23,Vinnytsia
UA,24,Volyn
UA,25,Zakarpattia
UA,26,Zaporizhzhia
UA,27,Zhytomyr Oblast
UG,C,Central Region
UG,E,Eastern Region
UG,N,Northern Region
UG,W,Western Region
US,AL,Alabama
US,AK,Alaska
US,AZ,Arizona
US,AR,Arkansas
US,CA,California
US,CO,Colorado
US,CT,Connecticut
US,DE,Delaware
US,DC,District of Columbia
US,FL,Florida
US,GA,Georgia
US,HI,Hawaii
US,ID,Idaho
US,IL,Illinois
US,IN,Indiana
US,IA,Iowa
US,KS,Kansas
US,KY,Kentucky
US,LA,Louisiana
US,ME,Maine
US,MD,Maryland
US,MA,Massachusetts
US,MI,Michigan
US,MN,Minnesota
US,MS,Mississippi
US,MO,Missouri
US,MT,Montana
US,NE,Nebraska
US,NV,Nevada
US,NH,New Hampshire
US,NJ,New Jersey
US,NM,New Mexico
US,NY,New York
US,NC,North Carolina
US,ND,North Dakota
US,OH,Ohio
US,OK,Oklahoma
US,OR,Oregon
US,PA,Pennsylvania
US,RI,Rhode Island
US,SC,South Carolina
US,SD,South Dakota
US,TN,Tennessee
US,TX,Texas
US,UT,Utah
US,VT,Vermont
US,VA,Virginia
US,WA,Washington
US,WV,West Virginia
US,WI,Wisconsin
US,WY,Wyoming
UY,01,Artigas
UY,02,Canelones
UY,03,Cerro Largo
UY,04,Colonia
UY,05,Durazno Department
UY,06,Flores Department
UY,07,Florida
UY,08,Lavalleja
UY,09,Maldonado
UY,10,Montevideo Department
UY,11,Paysandu Department
UY,12,Rio Negro Department
UY,13,Rivera Department
UY,14,Rocha Department
UY,15,Salto Department
UY,16,San Jose Department
UY,17,Soriano
UY,18,Tacuarembo Department
UY,19,Treinta y Tres Department
UZ,01,Andijan Region
UZ,02,Bukhara
UZ,03,Fergana
UZ,15,Jizzakh Region
UZ,09,Karakalpakstan
UZ,06,Namangan
UZ,07,Navoiy Region
UZ,08,Qashqadaryo
UZ,10,Samarqand Region
UZ,16,Sirdaryo Region
UZ,12,Surxondaryo Region
UZ,13,Tashkent
UZ,14,Tashkent Region
UZ,05,Xorazm Region
VC,01,Charlotte Parish
VC,06,Grenadines Parish
VC,02,Saint Andrew Parish
VC,03,Saint David Parish
VC,04,Saint George Parish
VC,05,Saint Patrick Parish
VE,01,Amazonas
VE,02,Anzoategui
VE,03,Apure
VE,04,Aragua
VE,05,Barinas
VE,06,Bolivar
VE,07,Carabobo
VE,08,Cojedes
VE,09,Delta Amacuro
VE,25,Distrito Federal
VE,11,Falcon
VE,12,Guarico
VE,13,Lara
VE,14,Merida
VE,15,Miranda
VE,16,Monagas
VE,17,Nueva Esparta
VE,18,Portuguesa
VE,19,Sucre
VE,20,Tachira
VE,21,Trujillo
VE,26,Vargas
VE,22,Yaracuy
VE,23,Zulia
VI,010,Saint Croix Island
VI,020,Saint John Island
VI,030,Saint Thomas Island
VN,91,An Giang
VN,24,Bac Ninh
VN,96,Ca Mau
VN,92,Can Tho City
VN,04,Cao Bang Province
VN,48,Da Nang City
VN,66,Dak Lak
VN,75,Dong Nai
VN,82,Dong Thap
VN,11,GJien Bien Province
VN,52,Gia Lai
VN,42,Ha Tinh Province
VN,31,Hai Phong
VN,01,Hanoi
VN,79,Ho Chi Minh City (HCMC)
VN,33,Hung Yen Province
VN,56,Khanh Hoa
VN,12,Lai Chau Province
VN,68,Lam Dong
VN,20,Lang Son Province
VN,15,Lao Cai
VN,40,Nghe An Province
VN,37,Ninh Binh
VN,25,Phu Tho
VN,51,Quang Ngai
VN,22,Quang Ninh
VN,44,Quang Tri
VN,14,Son La Province
VN,80,Tay Ninh
VN,19,Thai Nguyen
VN,38,Thanh Hoa Province
VN,46,Thua Thien Hue Province
VN,08,Tuyen Quang
VN,86,Vinh Long
VU,16,Malampa
VU,17,Penama
VU,13,Sanma
VU,18,Shefa
VU,15,Tafea
VU,07,Torba
WF,98611,Alo
WF,98612,Sigave
WF,98613,Uvea
WS,01,A'ana
WS,02,Aiga-i-le-Tai
WS,03,Atua
WS,04,Fa'asaleleaga
WS,07,Gaga'ifomauga
WS,08,Palauli
WS,09,Satupa'itea
WS,10,Tuamasaga
WS,06,Va'a-o-Fonoti
WS,11,Vaisigano
XK,10096138,Ferizaj
XK,10096859,Gjakova
XK,10097357,Gjilan
XK,10097358,Mitrovica
XK,10097359,Pec
XK,10097360,Pristina
XK,10097361,Prizren
YE,01,Abyan Governorate
YE,18,Ad Dali'
YE,02,Aden
YE,20,Al Bayda
YE,08,Al Hudaydah
YE,21,Al Jawf
YE,03,Al Mahrah Governorate
YE,10,Al Mahwit Governorate
YE,26,Amanat Alasimah
YE,11,Dhamar
YE,22,Hajjah
YE,23,Ibb Governorate
YE,24,Lahij
YE,14,Ma'rib
YE,04,Muhafazat Hadramaout
YE,19,Omran
YE,27,Raymah
YE,15,Sa'dah
YE,16,Sanaa Governorate
YE,05,Shabwah
YE,28,Soqatra
YE,25,Ta'izz
YT,97601,Acoua
YT,97602,Bandraboua
YT,97603,Bandrele
YT,97604,Boueni
YT,97605,Chiconi
YT,97606,Chirongui
YT,97607,Dembeni
YT,97608,Dzaoudzi
YT,97609,Kani-Keli
YT,97610,Koungou
YT,97613,M'Tsangamouji
YT,97611,Mamoudzou
YT,97612,Mtsamboro
YT,97614,Ouangani
YT,97615,Pamandzi
YT,97616,Sada
YT,97617,Tsingoni
ZA,05,Eastern Cape
ZA,03,Free State
ZA,06,Gauteng
ZA,02,KwaZulu-Natal
ZA,09,Limpopo
ZA,07,Mpumalanga
ZA,10,North West
ZA,08,Northern Cape
ZA,11,Western Cape
ZM,02,Central Province
ZM,08,Copperbelt
ZM,03,Eastern Province
ZM,04,Luapula Province
ZM,09,Lusaka Province
ZM,10,Muchinga
ZM,06,North-Western
ZM,05,Northern Province
ZM,07,Southern Province
ZM,01,Western Province
ZW,09,Bulawayo
ZW,10,Harare
ZW,01,Manicaland
ZW,03,Mashonaland Central
ZW,04,Mashonaland East Province
ZW,05,Mashonaland West
ZW,08,Masvingo Province
ZW,06,Matabeleland North
ZW,07,Matabeleland South Province
ZW,02,Midlands Province
